picture,link
cigarettes,C:\Users\Даниил\Downloads\Homework\Cigarettes\pictures\cigarettes100.jpg
cigarettes,C:\Users\Даниил\Downloads\Homework\Cigarettes\pictures\cigarettes101.jpg
cigarettes,C:\Users\Даниил\Downloads\Homework\Cigarettes\pictures\cigarettes102.jpg
cigarettes,C:\Users\Даниил\Downloads\Homework\Cigarettes\pictures\cigarettes103.jpg
cigarettes,C:\Users\Даниил\Downloads\Homework\Cigarettes\pictures\cigarettes104.jpg
cigarettes,C:\Users\Даниил\Downloads\Homework\Cigarettes\pictures\cigarettes105.jpg
cigarettes,C:\Users\Даниил\Downloads\Homework\Cigarettes\pictures\cigarettes106.jpg
cigarettes,C:\Users\Даниил\Downloads\Homework\Cigarettes\pictures\cigarettes107.jpg
cigarettes,C:\Users\Даниил\Downloads\Homework\Cigarettes\pictures\cigarettes108.jpg
cigarettes,C:\Users\Даниил\Downloads\Homework\Cigarettes\pictures\cigarettes109.jpg
cigarettes,C:\Users\Даниил\Downloads\Homework\Cigarettes\pictures\cigarettes110.jpg
cigarettes,C:\Users\Даниил\Downloads\Homework\Cigarettes\pictures\cigarettes111.jpg
cigarettes,C:\Users\Даниил\Downloads\Homework\Cigarettes\pictures\cigarettes112.jpg
cigarettes,C:\Users\Даниил\Downloads\Homework\Cigarettes\pictures\cigarettes113.jpg
cigarettes,C:\Users\Даниил\Downloads\Homework\Cigarettes\pictures\cigarettes114.jpg
cigarettes,C:\Users\Даниил\Downloads\Homework\Cigarettes\pictures\cigarettes115.jpg
cigarettes,C:\Users\Даниил\Downloads\Homework\Cigarettes\pictures\cigarettes116.jpg
cigarettes,C:\Users\Даниил\Downloads\Homework\Cigarettes\pictures\cigarettes117.jpg
cigarettes,C:\Users\Даниил\Downloads\Homework\Cigarettes\pictures\cigarettes118.jpg
cigarettes,C:\Users\Даниил\Downloads\Homework\Cigarettes\pictures\cigarettes119.jpg
cigarettes,C:\Users\Даниил\Downloads\Homework\Cigarettes\pictures\cigarettes120.jpg
cigarettes,C:\Users\Даниил\Downloads\Homework\Cigarettes\pictures\cigarettes121.jpg
cigarettes,C:\Users\Даниил\Downloads\Homework\Cigarettes\pictures\cigarettes122.jpg
cigarettes,C:\Users\Даниил\Downloads\Homework\Cigarettes\pictures\cigarettes123.jpg
cigarettes,C:\Users\Даниил\Downloads\Homework\Cigarettes\pictures\cigarettes124.jpg
cigarettes,C:\Users\Даниил\Downloads\Homework\Cigarettes\pictures\cigarettes125.jpg
cigarettes,C:\Users\Даниил\Downloads\Homework\Cigarettes\pictures\cigarettes126.jpg
cigarettes,C:\Users\Даниил\Downloads\Homework\Cigarettes\pictures\cigarettes127.jpg
cigarettes,C:\Users\Даниил\Downloads\Homework\Cigarettes\pictures\cigarettes128.jpg
cigarettes,C:\Users\Даниил\Downloads\Homework\Cigarettes\pictures\cigarettes129.jpg
cigarettes,C:\Users\Даниил\Downloads\Homework\Cigarettes\pictures\cigarettes130.jpg
cigarettes,C:\Users\Даниил\Downloads\Homework\Cigarettes\pictures\cigarettes131.jpg
cigarettes,C:\Users\Даниил\Downloads\Homework\Cigarettes\pictures\cigarettes132.jpg
cigarettes,C:\Users\Даниил\Downloads\Homework\Cigarettes\pictures\cigarettes133.jpg
cigarettes,C:\Users\Даниил\Downloads\Homework\Cigarettes\pictures\cigarettes134.jpg
cigarettes,C:\Users\Даниил\Downloads\Homework\Cigarettes\pictures\cigarettes135.jpg
cigarettes,C:\Users\Даниил\Downloads\Homework\Cigarettes\pictures\cigarettes136.jpg
cigarettes,C:\Users\Даниил\Downloads\Homework\Cigarettes\pictures\cigarettes137.jpg
cigarettes,C:\Users\Даниил\Downloads\Homework\Cigarettes\pictures\cigarettes138.jpg
cigarettes,C:\Users\Даниил\Downloads\Homework\Cigarettes\pictures\cigarettes139.jpg
cigarettes,C:\Users\Даниил\Downloads\Homework\Cigarettes\pictures\cigarettes140.jpg
cigarettes,C:\Users\Даниил\Downloads\Homework\Cigarettes\pictures\cigarettes141.jpg
cigarettes,C:\Users\Даниил\Downloads\Homework\Cigarettes\pictures\cigarettes142.jpg
cigarettes,C:\Users\Даниил\Downloads\Homework\Cigarettes\pictures\cigarettes143.jpg
cigarettes,C:\Users\Даниил\Downloads\Homework\Cigarettes\pictures\cigarettes144.jpg
cigarettes,C:\Users\Даниил\Downloads\Homework\Cigarettes\pictures\cigarettes145.jpg
cigarettes,C:\Users\Даниил\Downloads\Homework\Cigarettes\pictures\cigarettes146.jpg
cigarettes,C:\Users\Даниил\Downloads\Homework\Cigarettes\pictures\cigarettes147.jpg
cigarettes,C:\Users\Даниил\Downloads\Homework\Cigarettes\pictures\cigarettes148.jpg
cigarettes,C:\Users\Даниил\Downloads\Homework\Cigarettes\pictures\cigarettes149.jpg
cigarettes,C:\Users\Даниил\Downloads\Homework\Cigarettes\pictures\cigarettes150.jpg
cigarettes,C:\Users\Даниил\Downloads\Homework\Cigarettes\pictures\cigarettes151.jpg
cigarettes,C:\Users\Даниил\Downloads\Homework\Cigarettes\pictures\cigarettes152.jpg
cigarettes,C:\Users\Даниил\Downloads\Homework\Cigarettes\pictures\cigarettes153.jpg
cigarettes,C:\Users\Даниил\Downloads\Homework\Cigarettes\pictures\cigarettes154.jpg
cigarettes,C:\Users\Даниил\Downloads\Homework\Cigarettes\pictures\cigarettes155.jpg
cigarettes,C:\Users\Даниил\Downloads\Homework\Cigarettes\pictures\cigarettes156.jpg
cigarettes,C:\Users\Даниил\Downloads\Homework\Cigarettes\pictures\cigarettes157.jpg
cigarettes,C:\Users\Даниил\Downloads\Homework\Cigarettes\pictures\cigarettes158.jpg
cigarettes,C:\Users\Даниил\Downloads\Homework\Cigarettes\pictures\cigarettes159.jpg
cigarettes,C:\Users\Даниил\Downloads\Homework\Cigarettes\pictures\cigarettes160.jpg
cigarettes,C:\Users\Даниил\Downloads\Homework\Cigarettes\pictures\cigarettes161.jpg
cigarettes,C:\Users\Даниил\Downloads\Homework\Cigarettes\pictures\cigarettes162.jpg
cigarettes,C:\Users\Даниил\Downloads\Homework\Cigarettes\pictures\cigarettes163.jpg
cigarettes,C:\Users\Даниил\Downloads\Homework\Cigarettes\pictures\cigarettes164.jpg
cigarettes,C:\Users\Даниил\Downloads\Homework\Cigarettes\pictures\cigarettes165.jpg
cigarettes,C:\Users\Даниил\Downloads\Homework\Cigarettes\pictures\cigarettes166.jpg
cigarettes,C:\Users\Даниил\Downloads\Homework\Cigarettes\pictures\cigarettes167.jpg
cigarettes,C:\Users\Даниил\Downloads\Homework\Cigarettes\pictures\cigarettes168.jpg
cigarettes,C:\Users\Даниил\Downloads\Homework\Cigarettes\pictures\cigarettes169.jpg
cigarettes,C:\Users\Даниил\Downloads\Homework\Cigarettes\pictures\cigarettes170.jpg
cigarettes,C:\Users\Даниил\Downloads\Homework\Cigarettes\pictures\cigarettes171.jpg
cigarettes,C:\Users\Даниил\Downloads\Homework\Cigarettes\pictures\cigarettes172.jpg
cigarettes,C:\Users\Даниил\Downloads\Homework\Cigarettes\pictures\cigarettes173.jpg
cigarettes,C:\Users\Даниил\Downloads\Homework\Cigarettes\pictures\cigarettes174.jpg
cigarettes,C:\Users\Даниил\Downloads\Homework\Cigarettes\pictures\cigarettes175.jpg
cigarettes,C:\Users\Даниил\Downloads\Homework\Cigarettes\pictures\cigarettes176.jpg
cigarettes,C:\Users\Даниил\Downloads\Homework\Cigarettes\pictures\cigarettes177.jpg
cigarettes,C:\Users\Даниил\Downloads\Homework\Cigarettes\pictures\cigarettes178.jpg
cigarettes,C:\Users\Даниил\Downloads\Homework\Cigarettes\pictures\cigarettes179.jpg
cigarettes,C:\Users\Даниил\Downloads\Homework\Cigarettes\pictures\cigarettes180.jpg
cigarettes,C:\Users\Даниил\Downloads\Homework\Cigarettes\pictures\cigarettes181.jpg
cigarettes,C:\Users\Даниил\Downloads\Homework\Cigarettes\pictures\cigarettes182.jpg
cigarettes,C:\Users\Даниил\Downloads\Homework\Cigarettes\pictures\cigarettes183.jpg
cigarettes,C:\Users\Даниил\Downloads\Homework\Cigarettes\pictures\cigarettes184.jpg
cigarettes,C:\Users\Даниил\Downloads\Homework\Cigarettes\pictures\cigarettes185.jpg
cigarettes,C:\Users\Даниил\Downloads\Homework\Cigarettes\pictures\cigarettes186.jpg
cigarettes,C:\Users\Даниил\Downloads\Homework\Cigarettes\pictures\cigarettes187.jpg
cigarettes,C:\Users\Даниил\Downloads\Homework\Cigarettes\pictures\cigarettes188.jpg
cigarettes,C:\Users\Даниил\Downloads\Homework\Cigarettes\pictures\cigarettes189.jpg
cigarettes,C:\Users\Даниил\Downloads\Homework\Cigarettes\pictures\cigarettes190.jpg
cigarettes,C:\Users\Даниил\Downloads\Homework\Cigarettes\pictures\cigarettes191.jpg
cigarettes,C:\Users\Даниил\Downloads\Homework\Cigarettes\pictures\cigarettes192.jpg
cigarettes,C:\Users\Даниил\Downloads\Homework\Cigarettes\pictures\cigarettes193.jpg
cigarettes,C:\Users\Даниил\Downloads\Homework\Cigarettes\pictures\cigarettes194.jpg
cigarettes,C:\Users\Даниил\Downloads\Homework\Cigarettes\pictures\cigarettes195.jpg
cigarettes,C:\Users\Даниил\Downloads\Homework\Cigarettes\pictures\cigarettes196.jpg
cigarettes,C:\Users\Даниил\Downloads\Homework\Cigarettes\pictures\cigarettes197.jpg
cigarettes,C:\Users\Даниил\Downloads\Homework\Cigarettes\pictures\cigarettes198.jpg
cigarettes,C:\Users\Даниил\Downloads\Homework\Cigarettes\pictures\cigarettes199.jpg
cigarettes,C:\Users\Даниил\Downloads\Homework\Cigarettes\pictures\cigarettes200.jpg
cigarettes,C:\Users\Даниил\Downloads\Homework\Cigarettes\pictures\cigarettes201.jpg
cigarettes,C:\Users\Даниил\Downloads\Homework\Cigarettes\pictures\cigarettes202.jpg
cigarettes,C:\Users\Даниил\Downloads\Homework\Cigarettes\pictures\cigarettes203.jpg
cigarettes,C:\Users\Даниил\Downloads\Homework\Cigarettes\pictures\cigarettes204.jpg
cigarettes,C:\Users\Даниил\Downloads\Homework\Cigarettes\pictures\cigarettes205.jpg
cigarettes,C:\Users\Даниил\Downloads\Homework\Cigarettes\pictures\cigarettes206.jpg
cigarettes,C:\Users\Даниил\Downloads\Homework\Cigarettes\pictures\cigarettes207.jpg
cigarettes,C:\Users\Даниил\Downloads\Homework\Cigarettes\pictures\cigarettes208.jpg
cigarettes,C:\Users\Даниил\Downloads\Homework\Cigarettes\pictures\cigarettes209.jpg
cigarettes,C:\Users\Даниил\Downloads\Homework\Cigarettes\pictures\cigarettes210.jpg
cigarettes,C:\Users\Даниил\Downloads\Homework\Cigarettes\pictures\cigarettes211.jpg
cigarettes,C:\Users\Даниил\Downloads\Homework\Cigarettes\pictures\cigarettes212.jpg
cigarettes,C:\Users\Даниил\Downloads\Homework\Cigarettes\pictures\cigarettes213.jpg
cigarettes,C:\Users\Даниил\Downloads\Homework\Cigarettes\pictures\cigarettes214.jpg
cigarettes,C:\Users\Даниил\Downloads\Homework\Cigarettes\pictures\cigarettes215.jpg
cigarettes,C:\Users\Даниил\Downloads\Homework\Cigarettes\pictures\cigarettes216.jpg
cigarettes,C:\Users\Даниил\Downloads\Homework\Cigarettes\pictures\cigarettes217.jpg
cigarettes,C:\Users\Даниил\Downloads\Homework\Cigarettes\pictures\cigarettes218.jpg
cigarettes,C:\Users\Даниил\Downloads\Homework\Cigarettes\pictures\cigarettes219.jpg
cigarettes,C:\Users\Даниил\Downloads\Homework\Cigarettes\pictures\cigarettes220.jpg
cigarettes,C:\Users\Даниил\Downloads\Homework\Cigarettes\pictures\cigarettes221.jpg
cigarettes,C:\Users\Даниил\Downloads\Homework\Cigarettes\pictures\cigarettes222.jpg
cigarettes,C:\Users\Даниил\Downloads\Homework\Cigarettes\pictures\cigarettes223.jpg
cigarettes,C:\Users\Даниил\Downloads\Homework\Cigarettes\pictures\cigarettes224.jpg
cigarettes,C:\Users\Даниил\Downloads\Homework\Cigarettes\pictures\cigarettes225.jpg
cigarettes,C:\Users\Даниил\Downloads\Homework\Cigarettes\pictures\cigarettes226.jpg
cigarettes,C:\Users\Даниил\Downloads\Homework\Cigarettes\pictures\cigarettes227.jpg
cigarettes,C:\Users\Даниил\Downloads\Homework\Cigarettes\pictures\cigarettes228.jpg
cigarettes,C:\Users\Даниил\Downloads\Homework\Cigarettes\pictures\cigarettes229.jpg
cigarettes,C:\Users\Даниил\Downloads\Homework\Cigarettes\pictures\cigarettes230.jpg
cigarettes,C:\Users\Даниил\Downloads\Homework\Cigarettes\pictures\cigarettes231.jpg
cigarettes,C:\Users\Даниил\Downloads\Homework\Cigarettes\pictures\cigarettes232.jpg
cigarettes,C:\Users\Даниил\Downloads\Homework\Cigarettes\pictures\cigarettes233.jpg
cigarettes,C:\Users\Даниил\Downloads\Homework\Cigarettes\pictures\cigarettes234.jpg
cigarettes,C:\Users\Даниил\Downloads\Homework\Cigarettes\pictures\cigarettes235.jpg
cigarettes,C:\Users\Даниил\Downloads\Homework\Cigarettes\pictures\cigarettes236.jpg
cigarettes,C:\Users\Даниил\Downloads\Homework\Cigarettes\pictures\cigarettes237.jpg
cigarettes,C:\Users\Даниил\Downloads\Homework\Cigarettes\pictures\cigarettes238.jpg
cigarettes,C:\Users\Даниил\Downloads\Homework\Cigarettes\pictures\cigarettes239.jpg
cigarettes,C:\Users\Даниил\Downloads\Homework\Cigarettes\pictures\cigarettes240.jpg
cigarettes,C:\Users\Даниил\Downloads\Homework\Cigarettes\pictures\cigarettes241.jpg
cigarettes,C:\Users\Даниил\Downloads\Homework\Cigarettes\pictures\cigarettes242.jpg
cigarettes,C:\Users\Даниил\Downloads\Homework\Cigarettes\pictures\cigarettes243.jpg
cigarettes,C:\Users\Даниил\Downloads\Homework\Cigarettes\pictures\cigarettes244.jpg
cigarettes,C:\Users\Даниил\Downloads\Homework\Cigarettes\pictures\cigarettes245.jpg
cigarettes,C:\Users\Даниил\Downloads\Homework\Cigarettes\pictures\cigarettes246.jpg
cigarettes,C:\Users\Даниил\Downloads\Homework\Cigarettes\pictures\cigarettes247.jpg
cigarettes,C:\Users\Даниил\Downloads\Homework\Cigarettes\pictures\cigarettes248.jpg
cigarettes,C:\Users\Даниил\Downloads\Homework\Cigarettes\pictures\cigarettes249.jpg
cigarettes,C:\Users\Даниил\Downloads\Homework\Cigarettes\pictures\cigarettes250.jpg
cigarettes,C:\Users\Даниил\Downloads\Homework\Cigarettes\pictures\cigarettes251.jpg
cigarettes,C:\Users\Даниил\Downloads\Homework\Cigarettes\pictures\cigarettes252.jpg
cigarettes,C:\Users\Даниил\Downloads\Homework\Cigarettes\pictures\cigarettes253.jpg
cigarettes,C:\Users\Даниил\Downloads\Homework\Cigarettes\pictures\cigarettes254.jpg
cigarettes,C:\Users\Даниил\Downloads\Homework\Cigarettes\pictures\cigarettes255.jpg
cigarettes,C:\Users\Даниил\Downloads\Homework\Cigarettes\pictures\cigarettes256.jpg
cigarettes,C:\Users\Даниил\Downloads\Homework\Cigarettes\pictures\cigarettes257.jpg
cigarettes,C:\Users\Даниил\Downloads\Homework\Cigarettes\pictures\cigarettes258.jpg
cigarettes,C:\Users\Даниил\Downloads\Homework\Cigarettes\pictures\cigarettes259.jpg
cigarettes,C:\Users\Даниил\Downloads\Homework\Cigarettes\pictures\cigarettes260.jpg
cigarettes,C:\Users\Даниил\Downloads\Homework\Cigarettes\pictures\cigarettes261.jpg
cigarettes,C:\Users\Даниил\Downloads\Homework\Cigarettes\pictures\cigarettes262.jpg
cigarettes,C:\Users\Даниил\Downloads\Homework\Cigarettes\pictures\cigarettes263.jpg
cigarettes,C:\Users\Даниил\Downloads\Homework\Cigarettes\pictures\cigarettes264.jpg
cigarettes,C:\Users\Даниил\Downloads\Homework\Cigarettes\pictures\cigarettes265.jpg
cigarettes,C:\Users\Даниил\Downloads\Homework\Cigarettes\pictures\cigarettes266.jpg
cigarettes,C:\Users\Даниил\Downloads\Homework\Cigarettes\pictures\cigarettes267.jpg
cigarettes,C:\Users\Даниил\Downloads\Homework\Cigarettes\pictures\cigarettes268.jpg
cigarettes,C:\Users\Даниил\Downloads\Homework\Cigarettes\pictures\cigarettes269.jpg
cigarettes,C:\Users\Даниил\Downloads\Homework\Cigarettes\pictures\cigarettes270.jpg
cigarettes,C:\Users\Даниил\Downloads\Homework\Cigarettes\pictures\cigarettes271.jpg
cigarettes,C:\Users\Даниил\Downloads\Homework\Cigarettes\pictures\cigarettes272.jpg
cigarettes,C:\Users\Даниил\Downloads\Homework\Cigarettes\pictures\cigarettes273.jpg
cigarettes,C:\Users\Даниил\Downloads\Homework\Cigarettes\pictures\cigarettes274.jpg
cigarettes,C:\Users\Даниил\Downloads\Homework\Cigarettes\pictures\cigarettes275.jpg
cigarettes,C:\Users\Даниил\Downloads\Homework\Cigarettes\pictures\cigarettes276.jpg
cigarettes,C:\Users\Даниил\Downloads\Homework\Cigarettes\pictures\cigarettes277.jpg
cigarettes,C:\Users\Даниил\Downloads\Homework\Cigarettes\pictures\cigarettes278.jpg
cigarettes,C:\Users\Даниил\Downloads\Homework\Cigarettes\pictures\cigarettes279.jpg
cigarettes,C:\Users\Даниил\Downloads\Homework\Cigarettes\pictures\cigarettes280.jpg
cigarettes,C:\Users\Даниил\Downloads\Homework\Cigarettes\pictures\cigarettes281.jpg
cigarettes,C:\Users\Даниил\Downloads\Homework\Cigarettes\pictures\cigarettes282.jpg
cigarettes,C:\Users\Даниил\Downloads\Homework\Cigarettes\pictures\cigarettes283.jpg
cigarettes,C:\Users\Даниил\Downloads\Homework\Cigarettes\pictures\cigarettes284.jpg
cigarettes,C:\Users\Даниил\Downloads\Homework\Cigarettes\pictures\cigarettes285.jpg
cigarettes,C:\Users\Даниил\Downloads\Homework\Cigarettes\pictures\cigarettes286.jpg
cigarettes,C:\Users\Даниил\Downloads\Homework\Cigarettes\pictures\cigarettes287.jpg
cigarettes,C:\Users\Даниил\Downloads\Homework\Cigarettes\pictures\cigarettes288.jpg
cigarettes,C:\Users\Даниил\Downloads\Homework\Cigarettes\pictures\cigarettes289.jpg
cigarettes,C:\Users\Даниил\Downloads\Homework\Cigarettes\pictures\cigarettes290.jpg
cigarettes,C:\Users\Даниил\Downloads\Homework\Cigarettes\pictures\cigarettes291.jpg
cigarettes,C:\Users\Даниил\Downloads\Homework\Cigarettes\pictures\cigarettes292.jpg
cigarettes,C:\Users\Даниил\Downloads\Homework\Cigarettes\pictures\cigarettes293.jpg
cigarettes,C:\Users\Даниил\Downloads\Homework\Cigarettes\pictures\cigarettes294.jpg
cigarettes,C:\Users\Даниил\Downloads\Homework\Cigarettes\pictures\cigarettes295.jpg
cigarettes,C:\Users\Даниил\Downloads\Homework\Cigarettes\pictures\cigarettes296.jpg
cigarettes,C:\Users\Даниил\Downloads\Homework\Cigarettes\pictures\cigarettes297.jpg
cigarettes,C:\Users\Даниил\Downloads\Homework\Cigarettes\pictures\cigarettes298.jpg
cigarettes,C:\Users\Даниил\Downloads\Homework\Cigarettes\pictures\cigarettes299.jpg
cigarettes,C:\Users\Даниил\Downloads\Homework\Cigarettes\pictures\cigarettes300.jpg
cigarettes,C:\Users\Даниил\Downloads\Homework\Cigarettes\pictures\cigarettes301.jpg
cigarettes,C:\Users\Даниил\Downloads\Homework\Cigarettes\pictures\cigarettes302.jpg
cigarettes,C:\Users\Даниил\Downloads\Homework\Cigarettes\pictures\cigarettes303.jpg
cigarettes,C:\Users\Даниил\Downloads\Homework\Cigarettes\pictures\cigarettes304.jpg
cigarettes,C:\Users\Даниил\Downloads\Homework\Cigarettes\pictures\cigarettes305.jpg
cigarettes,C:\Users\Даниил\Downloads\Homework\Cigarettes\pictures\cigarettes306.jpg
cigarettes,C:\Users\Даниил\Downloads\Homework\Cigarettes\pictures\cigarettes307.jpg
cigarettes,C:\Users\Даниил\Downloads\Homework\Cigarettes\pictures\cigarettes308.jpg
cigarettes,C:\Users\Даниил\Downloads\Homework\Cigarettes\pictures\cigarettes309.jpg
cigarettes,C:\Users\Даниил\Downloads\Homework\Cigarettes\pictures\cigarettes310.jpg
cigarettes,C:\Users\Даниил\Downloads\Homework\Cigarettes\pictures\cigarettes311.jpg
cigarettes,C:\Users\Даниил\Downloads\Homework\Cigarettes\pictures\cigarettes312.jpg
cigarettes,C:\Users\Даниил\Downloads\Homework\Cigarettes\pictures\cigarettes313.jpg
cigarettes,C:\Users\Даниил\Downloads\Homework\Cigarettes\pictures\cigarettes314.jpg
cigarettes,C:\Users\Даниил\Downloads\Homework\Cigarettes\pictures\cigarettes315.jpg
cigarettes,C:\Users\Даниил\Downloads\Homework\Cigarettes\pictures\cigarettes316.jpg
cigarettes,C:\Users\Даниил\Downloads\Homework\Cigarettes\pictures\cigarettes317.jpg
cigarettes,C:\Users\Даниил\Downloads\Homework\Cigarettes\pictures\cigarettes318.jpg
cigarettes,C:\Users\Даниил\Downloads\Homework\Cigarettes\pictures\cigarettes319.jpg
cigarettes,C:\Users\Даниил\Downloads\Homework\Cigarettes\pictures\cigarettes320.jpg
cigarettes,C:\Users\Даниил\Downloads\Homework\Cigarettes\pictures\cigarettes321.jpg
cigarettes,C:\Users\Даниил\Downloads\Homework\Cigarettes\pictures\cigarettes322.jpg
cigarettes,C:\Users\Даниил\Downloads\Homework\Cigarettes\pictures\cigarettes323.jpg
cigarettes,C:\Users\Даниил\Downloads\Homework\Cigarettes\pictures\cigarettes324.jpg
cigarettes,C:\Users\Даниил\Downloads\Homework\Cigarettes\pictures\cigarettes325.jpg
cigarettes,C:\Users\Даниил\Downloads\Homework\Cigarettes\pictures\cigarettes326.jpg
cigarettes,C:\Users\Даниил\Downloads\Homework\Cigarettes\pictures\cigarettes327.jpg
cigarettes,C:\Users\Даниил\Downloads\Homework\Cigarettes\pictures\cigarettes328.jpg
cigarettes,C:\Users\Даниил\Downloads\Homework\Cigarettes\pictures\cigarettes329.jpg
cigarettes,C:\Users\Даниил\Downloads\Homework\Cigarettes\pictures\cigarettes330.jpg
cigarettes,C:\Users\Даниил\Downloads\Homework\Cigarettes\pictures\cigarettes331.jpg
cigarettes,C:\Users\Даниил\Downloads\Homework\Cigarettes\pictures\cigarettes332.jpg
cigarettes,C:\Users\Даниил\Downloads\Homework\Cigarettes\pictures\cigarettes333.jpg
cigarettes,C:\Users\Даниил\Downloads\Homework\Cigarettes\pictures\cigarettes334.jpg
cigarettes,C:\Users\Даниил\Downloads\Homework\Cigarettes\pictures\cigarettes335.jpg
cigarettes,C:\Users\Даниил\Downloads\Homework\Cigarettes\pictures\cigarettes336.jpg
cigarettes,C:\Users\Даниил\Downloads\Homework\Cigarettes\pictures\cigarettes337.jpg
cigarettes,C:\Users\Даниил\Downloads\Homework\Cigarettes\pictures\cigarettes338.jpg
cigarettes,C:\Users\Даниил\Downloads\Homework\Cigarettes\pictures\cigarettes339.jpg
cigarettes,C:\Users\Даниил\Downloads\Homework\Cigarettes\pictures\cigarettes340.jpg
cigarettes,C:\Users\Даниил\Downloads\Homework\Cigarettes\pictures\cigarettes341.jpg
cigarettes,C:\Users\Даниил\Downloads\Homework\Cigarettes\pictures\cigarettes342.jpg
cigarettes,C:\Users\Даниил\Downloads\Homework\Cigarettes\pictures\cigarettes343.jpg
cigarettes,C:\Users\Даниил\Downloads\Homework\Cigarettes\pictures\cigarettes344.jpg
cigarettes,C:\Users\Даниил\Downloads\Homework\Cigarettes\pictures\cigarettes345.jpg
cigarettes,C:\Users\Даниил\Downloads\Homework\Cigarettes\pictures\cigarettes346.jpg
cigarettes,C:\Users\Даниил\Downloads\Homework\Cigarettes\pictures\cigarettes347.jpg
cigarettes,C:\Users\Даниил\Downloads\Homework\Cigarettes\pictures\cigarettes348.jpg
cigarettes,C:\Users\Даниил\Downloads\Homework\Cigarettes\pictures\cigarettes349.jpg
cigarettes,C:\Users\Даниил\Downloads\Homework\Cigarettes\pictures\cigarettes350.jpg
cigarettes,C:\Users\Даниил\Downloads\Homework\Cigarettes\pictures\cigarettes351.jpg
cigarettes,C:\Users\Даниил\Downloads\Homework\Cigarettes\pictures\cigarettes352.jpg
cigarettes,C:\Users\Даниил\Downloads\Homework\Cigarettes\pictures\cigarettes353.jpg
cigarettes,C:\Users\Даниил\Downloads\Homework\Cigarettes\pictures\cigarettes354.jpg
cigarettes,C:\Users\Даниил\Downloads\Homework\Cigarettes\pictures\cigarettes355.jpg
cigarettes,C:\Users\Даниил\Downloads\Homework\Cigarettes\pictures\cigarettes356.jpg
cigarettes,C:\Users\Даниил\Downloads\Homework\Cigarettes\pictures\cigarettes357.jpg
cigarettes,C:\Users\Даниил\Downloads\Homework\Cigarettes\pictures\cigarettes358.jpg
cigarettes,C:\Users\Даниил\Downloads\Homework\Cigarettes\pictures\cigarettes359.jpg
cigarettes,C:\Users\Даниил\Downloads\Homework\Cigarettes\pictures\cigarettes360.jpg
cigarettes,C:\Users\Даниил\Downloads\Homework\Cigarettes\pictures\cigarettes361.jpg
cigarettes,C:\Users\Даниил\Downloads\Homework\Cigarettes\pictures\cigarettes362.jpg
cigarettes,C:\Users\Даниил\Downloads\Homework\Cigarettes\pictures\cigarettes363.jpg
cigarettes,C:\Users\Даниил\Downloads\Homework\Cigarettes\pictures\cigarettes364.jpg
cigarettes,C:\Users\Даниил\Downloads\Homework\Cigarettes\pictures\cigarettes365.jpg
cigarettes,C:\Users\Даниил\Downloads\Homework\Cigarettes\pictures\cigarettes366.jpg
cigarettes,C:\Users\Даниил\Downloads\Homework\Cigarettes\pictures\cigarettes367.jpg
cigarettes,C:\Users\Даниил\Downloads\Homework\Cigarettes\pictures\cigarettes368.jpg
cigarettes,C:\Users\Даниил\Downloads\Homework\Cigarettes\pictures\cigarettes369.jpg
cigarettes,C:\Users\Даниил\Downloads\Homework\Cigarettes\pictures\cigarettes370.jpg
cigarettes,C:\Users\Даниил\Downloads\Homework\Cigarettes\pictures\cigarettes371.jpg
cigarettes,C:\Users\Даниил\Downloads\Homework\Cigarettes\pictures\cigarettes372.jpg
cigarettes,C:\Users\Даниил\Downloads\Homework\Cigarettes\pictures\cigarettes373.jpg
cigarettes,C:\Users\Даниил\Downloads\Homework\Cigarettes\pictures\cigarettes374.jpg
cigarettes,C:\Users\Даниил\Downloads\Homework\Cigarettes\pictures\cigarettes375.jpg
cigarettes,C:\Users\Даниил\Downloads\Homework\Cigarettes\pictures\cigarettes376.jpg
cigarettes,C:\Users\Даниил\Downloads\Homework\Cigarettes\pictures\cigarettes377.jpg
cigarettes,C:\Users\Даниил\Downloads\Homework\Cigarettes\pictures\cigarettes378.jpg
cigarettes,C:\Users\Даниил\Downloads\Homework\Cigarettes\pictures\cigarettes379.jpg
cigarettes,C:\Users\Даниил\Downloads\Homework\Cigarettes\pictures\cigarettes380.jpg
cigarettes,C:\Users\Даниил\Downloads\Homework\Cigarettes\pictures\cigarettes381.jpg
cigarettes,C:\Users\Даниил\Downloads\Homework\Cigarettes\pictures\cigarettes382.jpg
cigarettes,C:\Users\Даниил\Downloads\Homework\Cigarettes\pictures\cigarettes383.jpg
cigarettes,C:\Users\Даниил\Downloads\Homework\Cigarettes\pictures\cigarettes384.jpg
cigarettes,C:\Users\Даниил\Downloads\Homework\Cigarettes\pictures\cigarettes385.jpg
cigarettes,C:\Users\Даниил\Downloads\Homework\Cigarettes\pictures\cigarettes386.jpg
cigarettes,C:\Users\Даниил\Downloads\Homework\Cigarettes\pictures\cigarettes387.jpg
cigarettes,C:\Users\Даниил\Downloads\Homework\Cigarettes\pictures\cigarettes388.jpg
cigarettes,C:\Users\Даниил\Downloads\Homework\Cigarettes\pictures\cigarettes389.jpg
cigarettes,C:\Users\Даниил\Downloads\Homework\Cigarettes\pictures\cigarettes390.jpg
cigarettes,C:\Users\Даниил\Downloads\Homework\Cigarettes\pictures\cigarettes391.jpg
cigarettes,C:\Users\Даниил\Downloads\Homework\Cigarettes\pictures\cigarettes392.jpg
cigarettes,C:\Users\Даниил\Downloads\Homework\Cigarettes\pictures\cigarettes393.jpg
cigarettes,C:\Users\Даниил\Downloads\Homework\Cigarettes\pictures\cigarettes394.jpg
cigarettes,C:\Users\Даниил\Downloads\Homework\Cigarettes\pictures\cigarettes395.jpg
cigarettes,C:\Users\Даниил\Downloads\Homework\Cigarettes\pictures\cigarettes396.jpg
cigarettes,C:\Users\Даниил\Downloads\Homework\Cigarettes\pictures\cigarettes397.jpg
cigarettes,C:\Users\Даниил\Downloads\Homework\Cigarettes\pictures\cigarettes398.jpg
cigarettes,C:\Users\Даниил\Downloads\Homework\Cigarettes\pictures\cigarettes399.jpg
cigarettes,C:\Users\Даниил\Downloads\Homework\Cigarettes\pictures\cigarettes400.jpg
cigarettes,C:\Users\Даниил\Downloads\Homework\Cigarettes\pictures\cigarettes401.jpg
cigarettes,C:\Users\Даниил\Downloads\Homework\Cigarettes\pictures\cigarettes402.jpg
cigarettes,C:\Users\Даниил\Downloads\Homework\Cigarettes\pictures\cigarettes403.jpg
cigarettes,C:\Users\Даниил\Downloads\Homework\Cigarettes\pictures\cigarettes404.jpg
cigarettes,C:\Users\Даниил\Downloads\Homework\Cigarettes\pictures\cigarettes405.jpg
cigarettes,C:\Users\Даниил\Downloads\Homework\Cigarettes\pictures\cigarettes406.jpg
cigarettes,C:\Users\Даниил\Downloads\Homework\Cigarettes\pictures\cigarettes407.jpg
cigarettes,C:\Users\Даниил\Downloads\Homework\Cigarettes\pictures\cigarettes408.jpg
cigarettes,C:\Users\Даниил\Downloads\Homework\Cigarettes\pictures\cigarettes409.jpg
cigarettes,C:\Users\Даниил\Downloads\Homework\Cigarettes\pictures\cigarettes410.jpg
cigarettes,C:\Users\Даниил\Downloads\Homework\Cigarettes\pictures\cigarettes411.jpg
cigarettes,C:\Users\Даниил\Downloads\Homework\Cigarettes\pictures\cigarettes412.jpg
cigarettes,C:\Users\Даниил\Downloads\Homework\Cigarettes\pictures\cigarettes413.jpg
cigarettes,C:\Users\Даниил\Downloads\Homework\Cigarettes\pictures\cigarettes414.jpg
cigarettes,C:\Users\Даниил\Downloads\Homework\Cigarettes\pictures\cigarettes415.jpg
cigarettes,C:\Users\Даниил\Downloads\Homework\Cigarettes\pictures\cigarettes416.jpg
cigarettes,C:\Users\Даниил\Downloads\Homework\Cigarettes\pictures\cigarettes417.jpg
cigarettes,C:\Users\Даниил\Downloads\Homework\Cigarettes\pictures\cigarettes418.jpg
cigarettes,C:\Users\Даниил\Downloads\Homework\Cigarettes\pictures\cigarettes419.jpg
cigarettes,C:\Users\Даниил\Downloads\Homework\Cigarettes\pictures\cigarettes420.jpg
cigarettes,C:\Users\Даниил\Downloads\Homework\Cigarettes\pictures\cigarettes421.jpg
cigarettes,C:\Users\Даниил\Downloads\Homework\Cigarettes\pictures\cigarettes422.jpg
cigarettes,C:\Users\Даниил\Downloads\Homework\Cigarettes\pictures\cigarettes423.jpg
cigarettes,C:\Users\Даниил\Downloads\Homework\Cigarettes\pictures\cigarettes424.jpg
cigarettes,C:\Users\Даниил\Downloads\Homework\Cigarettes\pictures\cigarettes425.jpg
cigarettes,C:\Users\Даниил\Downloads\Homework\Cigarettes\pictures\cigarettes426.jpg
cigarettes,C:\Users\Даниил\Downloads\Homework\Cigarettes\pictures\cigarettes427.jpg
cigarettes,C:\Users\Даниил\Downloads\Homework\Cigarettes\pictures\cigarettes428.jpg
cigarettes,C:\Users\Даниил\Downloads\Homework\Cigarettes\pictures\cigarettes429.jpg
cigarettes,C:\Users\Даниил\Downloads\Homework\Cigarettes\pictures\cigarettes430.jpg
cigarettes,C:\Users\Даниил\Downloads\Homework\Cigarettes\pictures\cigarettes431.jpg
cigarettes,C:\Users\Даниил\Downloads\Homework\Cigarettes\pictures\cigarettes432.jpg
cigarettes,C:\Users\Даниил\Downloads\Homework\Cigarettes\pictures\cigarettes433.jpg
cigarettes,C:\Users\Даниил\Downloads\Homework\Cigarettes\pictures\cigarettes434.jpg
cigarettes,C:\Users\Даниил\Downloads\Homework\Cigarettes\pictures\cigarettes435.jpg
cigarettes,C:\Users\Даниил\Downloads\Homework\Cigarettes\pictures\cigarettes436.jpg
cigarettes,C:\Users\Даниил\Downloads\Homework\Cigarettes\pictures\cigarettes437.jpg
cigarettes,C:\Users\Даниил\Downloads\Homework\Cigarettes\pictures\cigarettes438.jpg
cigarettes,C:\Users\Даниил\Downloads\Homework\Cigarettes\pictures\cigarettes439.jpg
cigarettes,C:\Users\Даниил\Downloads\Homework\Cigarettes\pictures\cigarettes440.jpg
cigarettes,C:\Users\Даниил\Downloads\Homework\Cigarettes\pictures\cigarettes441.jpg
cigarettes,C:\Users\Даниил\Downloads\Homework\Cigarettes\pictures\cigarettes442.jpg
cigarettes,C:\Users\Даниил\Downloads\Homework\Cigarettes\pictures\cigarettes443.jpg
cigarettes,C:\Users\Даниил\Downloads\Homework\Cigarettes\pictures\cigarettes444.jpg
cigarettes,C:\Users\Даниил\Downloads\Homework\Cigarettes\pictures\cigarettes445.jpg
cigarettes,C:\Users\Даниил\Downloads\Homework\Cigarettes\pictures\cigarettes446.jpg
cigarettes,C:\Users\Даниил\Downloads\Homework\Cigarettes\pictures\cigarettes447.jpg
cigarettes,C:\Users\Даниил\Downloads\Homework\Cigarettes\pictures\cigarettes448.jpg
cigarettes,C:\Users\Даниил\Downloads\Homework\Cigarettes\pictures\cigarettes449.jpg
cigarettes,C:\Users\Даниил\Downloads\Homework\Cigarettes\pictures\cigarettes450.jpg
cigarettes,C:\Users\Даниил\Downloads\Homework\Cigarettes\pictures\cigarettes451.jpg
cigarettes,C:\Users\Даниил\Downloads\Homework\Cigarettes\pictures\cigarettes452.jpg
cigarettes,C:\Users\Даниил\Downloads\Homework\Cigarettes\pictures\cigarettes453.jpg
cigarettes,C:\Users\Даниил\Downloads\Homework\Cigarettes\pictures\cigarettes454.jpg
cigarettes,C:\Users\Даниил\Downloads\Homework\Cigarettes\pictures\cigarettes455.jpg
cigarettes,C:\Users\Даниил\Downloads\Homework\Cigarettes\pictures\cigarettes456.jpg
cigarettes,C:\Users\Даниил\Downloads\Homework\Cigarettes\pictures\cigarettes457.jpg
cigarettes,C:\Users\Даниил\Downloads\Homework\Cigarettes\pictures\cigarettes458.jpg
cigarettes,C:\Users\Даниил\Downloads\Homework\Cigarettes\pictures\cigarettes459.jpg
cigarettes,C:\Users\Даниил\Downloads\Homework\Cigarettes\pictures\cigarettes460.jpg
cigarettes,C:\Users\Даниил\Downloads\Homework\Cigarettes\pictures\cigarettes461.jpg
cigarettes,C:\Users\Даниил\Downloads\Homework\Cigarettes\pictures\cigarettes462.jpg
cigarettes,C:\Users\Даниил\Downloads\Homework\Cigarettes\pictures\cigarettes463.jpg
cigarettes,C:\Users\Даниил\Downloads\Homework\Cigarettes\pictures\cigarettes464.jpg
cigarettes,C:\Users\Даниил\Downloads\Homework\Cigarettes\pictures\cigarettes465.jpg
cigarettes,C:\Users\Даниил\Downloads\Homework\Cigarettes\pictures\cigarettes466.jpg
cigarettes,C:\Users\Даниил\Downloads\Homework\Cigarettes\pictures\cigarettes467.jpg
cigarettes,C:\Users\Даниил\Downloads\Homework\Cigarettes\pictures\cigarettes468.jpg
cigarettes,C:\Users\Даниил\Downloads\Homework\Cigarettes\pictures\cigarettes469.jpg
cigarettes,C:\Users\Даниил\Downloads\Homework\Cigarettes\pictures\cigarettes470.jpg
cigarettes,C:\Users\Даниил\Downloads\Homework\Cigarettes\pictures\cigarettes471.jpg
cigarettes,C:\Users\Даниил\Downloads\Homework\Cigarettes\pictures\cigarettes472.jpg
cigarettes,C:\Users\Даниил\Downloads\Homework\Cigarettes\pictures\cigarettes473.jpg
cigarettes,C:\Users\Даниил\Downloads\Homework\Cigarettes\pictures\cigarettes474.jpg
cigarettes,C:\Users\Даниил\Downloads\Homework\Cigarettes\pictures\cigarettes475.jpg
cigarettes,C:\Users\Даниил\Downloads\Homework\Cigarettes\pictures\cigarettes476.jpg
cigarettes,C:\Users\Даниил\Downloads\Homework\Cigarettes\pictures\cigarettes477.jpg
cigarettes,C:\Users\Даниил\Downloads\Homework\Cigarettes\pictures\cigarettes478.jpg
cigarettes,C:\Users\Даниил\Downloads\Homework\Cigarettes\pictures\cigarettes479.jpg
cigarettes,C:\Users\Даниил\Downloads\Homework\Cigarettes\pictures\cigarettes480.jpg
cigarettes,C:\Users\Даниил\Downloads\Homework\Cigarettes\pictures\cigarettes481.jpg
cigarettes,C:\Users\Даниил\Downloads\Homework\Cigarettes\pictures\cigarettes482.jpg
cigarettes,C:\Users\Даниил\Downloads\Homework\Cigarettes\pictures\cigarettes483.jpg
cigarettes,C:\Users\Даниил\Downloads\Homework\Cigarettes\pictures\cigarettes484.jpg
cigarettes,C:\Users\Даниил\Downloads\Homework\Cigarettes\pictures\cigarettes485.jpg
cigarettes,C:\Users\Даниил\Downloads\Homework\Cigarettes\pictures\cigarettes486.jpg
cigarettes,C:\Users\Даниил\Downloads\Homework\Cigarettes\pictures\cigarettes487.jpg
cigarettes,C:\Users\Даниил\Downloads\Homework\Cigarettes\pictures\cigarettes488.jpg
cigarettes,C:\Users\Даниил\Downloads\Homework\Cigarettes\pictures\cigarettes489.jpg
cigarettes,C:\Users\Даниил\Downloads\Homework\Cigarettes\pictures\cigarettes490.jpg
cigarettes,C:\Users\Даниил\Downloads\Homework\Cigarettes\pictures\cigarettes491.jpg
cigarettes,C:\Users\Даниил\Downloads\Homework\Cigarettes\pictures\cigarettes492.jpg
cigarettes,C:\Users\Даниил\Downloads\Homework\Cigarettes\pictures\cigarettes493.jpg
cigarettes,C:\Users\Даниил\Downloads\Homework\Cigarettes\pictures\cigarettes494.jpg
cigarettes,C:\Users\Даниил\Downloads\Homework\Cigarettes\pictures\cigarettes495.jpg
cigarettes,C:\Users\Даниил\Downloads\Homework\Cigarettes\pictures\cigarettes496.jpg
cigarettes,C:\Users\Даниил\Downloads\Homework\Cigarettes\pictures\cigarettes497.jpg
cigarettes,C:\Users\Даниил\Downloads\Homework\Cigarettes\pictures\cigarettes498.jpg
cigarettes,C:\Users\Даниил\Downloads\Homework\Cigarettes\pictures\cigarettes499.jpg
cigarettes,C:\Users\Даниил\Downloads\Homework\Cigarettes\pictures\cigarettes500.jpg
cigarettes,C:\Users\Даниил\Downloads\Homework\Cigarettes\pictures\cigarettes501.jpg
cigarettes,C:\Users\Даниил\Downloads\Homework\Cigarettes\pictures\cigarettes502.jpg
cigarettes,C:\Users\Даниил\Downloads\Homework\Cigarettes\pictures\cigarettes503.jpg
cigarettes,C:\Users\Даниил\Downloads\Homework\Cigarettes\pictures\cigarettes504.jpg
cigarettes,C:\Users\Даниил\Downloads\Homework\Cigarettes\pictures\cigarettes505.jpg
cigarettes,C:\Users\Даниил\Downloads\Homework\Cigarettes\pictures\cigarettes506.jpg
cigarettes,C:\Users\Даниил\Downloads\Homework\Cigarettes\pictures\cigarettes507.jpg
cigarettes,C:\Users\Даниил\Downloads\Homework\Cigarettes\pictures\cigarettes508.jpg
cigarettes,C:\Users\Даниил\Downloads\Homework\Cigarettes\pictures\cigarettes509.jpg
cigarettes,C:\Users\Даниил\Downloads\Homework\Cigarettes\pictures\cigarettes510.jpg
cigarettes,C:\Users\Даниил\Downloads\Homework\Cigarettes\pictures\cigarettes511.jpg
cigarettes,C:\Users\Даниил\Downloads\Homework\Cigarettes\pictures\cigarettes512.jpg
cigarettes,C:\Users\Даниил\Downloads\Homework\Cigarettes\pictures\cigarettes513.jpg
cigarettes,C:\Users\Даниил\Downloads\Homework\Cigarettes\pictures\cigarettes514.jpg
cigarettes,C:\Users\Даниил\Downloads\Homework\Cigarettes\pictures\cigarettes515.jpg
cigarettes,C:\Users\Даниил\Downloads\Homework\Cigarettes\pictures\cigarettes516.jpg
cigarettes,C:\Users\Даниил\Downloads\Homework\Cigarettes\pictures\cigarettes517.jpg
cigarettes,C:\Users\Даниил\Downloads\Homework\Cigarettes\pictures\cigarettes518.jpg
cigarettes,C:\Users\Даниил\Downloads\Homework\Cigarettes\pictures\cigarettes519.jpg
cigarettes,C:\Users\Даниил\Downloads\Homework\Cigarettes\pictures\cigarettes520.jpg
cigarettes,C:\Users\Даниил\Downloads\Homework\Cigarettes\pictures\cigarettes521.jpg
cigarettes,C:\Users\Даниил\Downloads\Homework\Cigarettes\pictures\cigarettes522.jpg
cigarettes,C:\Users\Даниил\Downloads\Homework\Cigarettes\pictures\cigarettes523.jpg
cigarettes,C:\Users\Даниил\Downloads\Homework\Cigarettes\pictures\cigarettes524.jpg
cigarettes,C:\Users\Даниил\Downloads\Homework\Cigarettes\pictures\cigarettes525.jpg
cigarettes,C:\Users\Даниил\Downloads\Homework\Cigarettes\pictures\cigarettes526.jpg
cigarettes,C:\Users\Даниил\Downloads\Homework\Cigarettes\pictures\cigarettes527.jpg
cigarettes,C:\Users\Даниил\Downloads\Homework\Cigarettes\pictures\cigarettes528.jpg
cigarettes,C:\Users\Даниил\Downloads\Homework\Cigarettes\pictures\cigarettes529.jpg
cigarettes,C:\Users\Даниил\Downloads\Homework\Cigarettes\pictures\cigarettes530.jpg
cigarettes,C:\Users\Даниил\Downloads\Homework\Cigarettes\pictures\cigarettes531.jpg
cigarettes,C:\Users\Даниил\Downloads\Homework\Cigarettes\pictures\cigarettes532.jpg
cigarettes,C:\Users\Даниил\Downloads\Homework\Cigarettes\pictures\cigarettes533.jpg
cigarettes,C:\Users\Даниил\Downloads\Homework\Cigarettes\pictures\cigarettes534.jpg
cigarettes,C:\Users\Даниил\Downloads\Homework\Cigarettes\pictures\cigarettes535.jpg
cigarettes,C:\Users\Даниил\Downloads\Homework\Cigarettes\pictures\cigarettes536.jpg
cigarettes,C:\Users\Даниил\Downloads\Homework\Cigarettes\pictures\cigarettes537.jpg
cigarettes,C:\Users\Даниил\Downloads\Homework\Cigarettes\pictures\cigarettes538.jpg
cigarettes,C:\Users\Даниил\Downloads\Homework\Cigarettes\pictures\cigarettes539.jpg
cigarettes,C:\Users\Даниил\Downloads\Homework\Cigarettes\pictures\cigarettes540.jpg
cigarettes,C:\Users\Даниил\Downloads\Homework\Cigarettes\pictures\cigarettes541.jpg
cigarettes,C:\Users\Даниил\Downloads\Homework\Cigarettes\pictures\cigarettes542.jpg
cigarettes,C:\Users\Даниил\Downloads\Homework\Cigarettes\pictures\cigarettes543.jpg
cigarettes,C:\Users\Даниил\Downloads\Homework\Cigarettes\pictures\cigarettes544.jpg
cigarettes,C:\Users\Даниил\Downloads\Homework\Cigarettes\pictures\cigarettes545.jpg
cigarettes,C:\Users\Даниил\Downloads\Homework\Cigarettes\pictures\cigarettes546.jpg
cigarettes,C:\Users\Даниил\Downloads\Homework\Cigarettes\pictures\cigarettes547.jpg
cigarettes,C:\Users\Даниил\Downloads\Homework\Cigarettes\pictures\cigarettes548.jpg
cigarettes,C:\Users\Даниил\Downloads\Homework\Cigarettes\pictures\cigarettes549.jpg
cigarettes,C:\Users\Даниил\Downloads\Homework\Cigarettes\pictures\cigarettes550.jpg
cigarettes,C:\Users\Даниил\Downloads\Homework\Cigarettes\pictures\cigarettes551.jpg
cigarettes,C:\Users\Даниил\Downloads\Homework\Cigarettes\pictures\cigarettes552.jpg
cigarettes,C:\Users\Даниил\Downloads\Homework\Cigarettes\pictures\cigarettes553.jpg
cigarettes,C:\Users\Даниил\Downloads\Homework\Cigarettes\pictures\cigarettes554.jpg
cigarettes,C:\Users\Даниил\Downloads\Homework\Cigarettes\pictures\cigarettes555.jpg
cigarettes,C:\Users\Даниил\Downloads\Homework\Cigarettes\pictures\cigarettes556.jpg
cigarettes,C:\Users\Даниил\Downloads\Homework\Cigarettes\pictures\cigarettes557.jpg
cigarettes,C:\Users\Даниил\Downloads\Homework\Cigarettes\pictures\cigarettes558.jpg
cigarettes,C:\Users\Даниил\Downloads\Homework\Cigarettes\pictures\cigarettes559.jpg
cigarettes,C:\Users\Даниил\Downloads\Homework\Cigarettes\pictures\cigarettes560.jpg
cigarettes,C:\Users\Даниил\Downloads\Homework\Cigarettes\pictures\cigarettes561.jpg
cigarettes,C:\Users\Даниил\Downloads\Homework\Cigarettes\pictures\cigarettes562.jpg
cigarettes,C:\Users\Даниил\Downloads\Homework\Cigarettes\pictures\cigarettes563.jpg
cigarettes,C:\Users\Даниил\Downloads\Homework\Cigarettes\pictures\cigarettes564.jpg
cigarettes,C:\Users\Даниил\Downloads\Homework\Cigarettes\pictures\cigarettes565.jpg
cigarettes,C:\Users\Даниил\Downloads\Homework\Cigarettes\pictures\cigarettes566.jpg
cigarettes,C:\Users\Даниил\Downloads\Homework\Cigarettes\pictures\cigarettes567.jpg
cigarettes,C:\Users\Даниил\Downloads\Homework\Cigarettes\pictures\cigarettes568.jpg
cigarettes,C:\Users\Даниил\Downloads\Homework\Cigarettes\pictures\cigarettes569.jpg
cigarettes,C:\Users\Даниил\Downloads\Homework\Cigarettes\pictures\cigarettes570.jpg
cigarettes,C:\Users\Даниил\Downloads\Homework\Cigarettes\pictures\cigarettes571.jpg
cigarettes,C:\Users\Даниил\Downloads\Homework\Cigarettes\pictures\cigarettes572.jpg
cigarettes,C:\Users\Даниил\Downloads\Homework\Cigarettes\pictures\cigarettes573.jpg
cigarettes,C:\Users\Даниил\Downloads\Homework\Cigarettes\pictures\cigarettes574.jpg
cigarettes,C:\Users\Даниил\Downloads\Homework\Cigarettes\pictures\cigarettes575.jpg
cigarettes,C:\Users\Даниил\Downloads\Homework\Cigarettes\pictures\cigarettes576.jpg
cigarettes,C:\Users\Даниил\Downloads\Homework\Cigarettes\pictures\cigarettes577.jpg
cigarettes,C:\Users\Даниил\Downloads\Homework\Cigarettes\pictures\cigarettes578.jpg
cigarettes,C:\Users\Даниил\Downloads\Homework\Cigarettes\pictures\cigarettes579.jpg
cigarettes,C:\Users\Даниил\Downloads\Homework\Cigarettes\pictures\cigarettes580.jpg
cigarettes,C:\Users\Даниил\Downloads\Homework\Cigarettes\pictures\cigarettes581.jpg
cigarettes,C:\Users\Даниил\Downloads\Homework\Cigarettes\pictures\cigarettes582.jpg
cigarettes,C:\Users\Даниил\Downloads\Homework\Cigarettes\pictures\cigarettes583.jpg
cigarettes,C:\Users\Даниил\Downloads\Homework\Cigarettes\pictures\cigarettes584.jpg
cigarettes,C:\Users\Даниил\Downloads\Homework\Cigarettes\pictures\cigarettes585.jpg
cigarettes,C:\Users\Даниил\Downloads\Homework\Cigarettes\pictures\cigarettes586.jpg
cigarettes,C:\Users\Даниил\Downloads\Homework\Cigarettes\pictures\cigarettes587.jpg
cigarettes,C:\Users\Даниил\Downloads\Homework\Cigarettes\pictures\cigarettes588.jpg
cigarettes,C:\Users\Даниил\Downloads\Homework\Cigarettes\pictures\cigarettes589.jpg
cigarettes,C:\Users\Даниил\Downloads\Homework\Cigarettes\pictures\cigarettes590.jpg
cigarettes,C:\Users\Даниил\Downloads\Homework\Cigarettes\pictures\cigarettes591.jpg
cigarettes,C:\Users\Даниил\Downloads\Homework\Cigarettes\pictures\cigarettes592.jpg
cigarettes,C:\Users\Даниил\Downloads\Homework\Cigarettes\pictures\cigarettes593.jpg
cigarettes,C:\Users\Даниил\Downloads\Homework\Cigarettes\pictures\cigarettes594.jpg
cigarettes,C:\Users\Даниил\Downloads\Homework\Cigarettes\pictures\cigarettes595.jpg
cigarettes,C:\Users\Даниил\Downloads\Homework\Cigarettes\pictures\cigarettes596.jpg
cigarettes,C:\Users\Даниил\Downloads\Homework\Cigarettes\pictures\cigarettes597.jpg
cigarettes,C:\Users\Даниил\Downloads\Homework\Cigarettes\pictures\cigarettes598.jpg
cigarettes,C:\Users\Даниил\Downloads\Homework\Cigarettes\pictures\cigarettes599.jpg
cigarettes,C:\Users\Даниил\Downloads\Homework\Cigarettes\pictures\cigarettes600.jpg
cigarettes,C:\Users\Даниил\Downloads\Homework\Cigarettes\pictures\cigarettes601.jpg
cigarettes,C:\Users\Даниил\Downloads\Homework\Cigarettes\pictures\cigarettes602.jpg
cigarettes,C:\Users\Даниил\Downloads\Homework\Cigarettes\pictures\cigarettes603.jpg
cigarettes,C:\Users\Даниил\Downloads\Homework\Cigarettes\pictures\cigarettes604.jpg
cigarettes,C:\Users\Даниил\Downloads\Homework\Cigarettes\pictures\cigarettes605.jpg
cigarettes,C:\Users\Даниил\Downloads\Homework\Cigarettes\pictures\cigarettes606.jpg
cigarettes,C:\Users\Даниил\Downloads\Homework\Cigarettes\pictures\cigarettes607.jpg
cigarettes,C:\Users\Даниил\Downloads\Homework\Cigarettes\pictures\cigarettes608.jpg
cigarettes,C:\Users\Даниил\Downloads\Homework\Cigarettes\pictures\cigarettes609.jpg
cigarettes,C:\Users\Даниил\Downloads\Homework\Cigarettes\pictures\cigarettes610.jpg
cigarettes,C:\Users\Даниил\Downloads\Homework\Cigarettes\pictures\cigarettes611.jpg
cigarettes,C:\Users\Даниил\Downloads\Homework\Cigarettes\pictures\cigarettes612.jpg
cigarettes,C:\Users\Даниил\Downloads\Homework\Cigarettes\pictures\cigarettes613.jpg
cigarettes,C:\Users\Даниил\Downloads\Homework\Cigarettes\pictures\cigarettes614.jpg
cigarettes,C:\Users\Даниил\Downloads\Homework\Cigarettes\pictures\cigarettes615.jpg
cigarettes,C:\Users\Даниил\Downloads\Homework\Cigarettes\pictures\cigarettes616.jpg
cigarettes,C:\Users\Даниил\Downloads\Homework\Cigarettes\pictures\cigarettes617.jpg
cigarettes,C:\Users\Даниил\Downloads\Homework\Cigarettes\pictures\cigarettes618.jpg
cigarettes,C:\Users\Даниил\Downloads\Homework\Cigarettes\pictures\cigarettes619.jpg
cigarettes,C:\Users\Даниил\Downloads\Homework\Cigarettes\pictures\cigarettes620.jpg
cigarettes,C:\Users\Даниил\Downloads\Homework\Cigarettes\pictures\cigarettes621.jpg
cigarettes,C:\Users\Даниил\Downloads\Homework\Cigarettes\pictures\cigarettes622.jpg
cigarettes,C:\Users\Даниил\Downloads\Homework\Cigarettes\pictures\cigarettes623.jpg
cigarettes,C:\Users\Даниил\Downloads\Homework\Cigarettes\pictures\cigarettes624.jpg
cigarettes,C:\Users\Даниил\Downloads\Homework\Cigarettes\pictures\cigarettes625.jpg
cigarettes,C:\Users\Даниил\Downloads\Homework\Cigarettes\pictures\cigarettes626.jpg
cigarettes,C:\Users\Даниил\Downloads\Homework\Cigarettes\pictures\cigarettes627.jpg
cigarettes,C:\Users\Даниил\Downloads\Homework\Cigarettes\pictures\cigarettes628.jpg
cigarettes,C:\Users\Даниил\Downloads\Homework\Cigarettes\pictures\cigarettes629.jpg
cigarettes,C:\Users\Даниил\Downloads\Homework\Cigarettes\pictures\cigarettes630.jpg
cigarettes,C:\Users\Даниил\Downloads\Homework\Cigarettes\pictures\cigarettes631.jpg
cigarettes,C:\Users\Даниил\Downloads\Homework\Cigarettes\pictures\cigarettes632.jpg
cigarettes,C:\Users\Даниил\Downloads\Homework\Cigarettes\pictures\cigarettes633.jpg
cigarettes,C:\Users\Даниил\Downloads\Homework\Cigarettes\pictures\cigarettes634.jpg
cigarettes,C:\Users\Даниил\Downloads\Homework\Cigarettes\pictures\cigarettes635.jpg
cigarettes,C:\Users\Даниил\Downloads\Homework\Cigarettes\pictures\cigarettes636.jpg
cigarettes,C:\Users\Даниил\Downloads\Homework\Cigarettes\pictures\cigarettes637.jpg
cigarettes,C:\Users\Даниил\Downloads\Homework\Cigarettes\pictures\cigarettes638.jpg
cigarettes,C:\Users\Даниил\Downloads\Homework\Cigarettes\pictures\cigarettes639.jpg
cigarettes,C:\Users\Даниил\Downloads\Homework\Cigarettes\pictures\cigarettes640.jpg
cigarettes,C:\Users\Даниил\Downloads\Homework\Cigarettes\pictures\cigarettes641.jpg
cigarettes,C:\Users\Даниил\Downloads\Homework\Cigarettes\pictures\cigarettes642.jpg
cigarettes,C:\Users\Даниил\Downloads\Homework\Cigarettes\pictures\cigarettes643.jpg
cigarettes,C:\Users\Даниил\Downloads\Homework\Cigarettes\pictures\cigarettes644.jpg
cigarettes,C:\Users\Даниил\Downloads\Homework\Cigarettes\pictures\cigarettes645.jpg
cigarettes,C:\Users\Даниил\Downloads\Homework\Cigarettes\pictures\cigarettes646.jpg
cigarettes,C:\Users\Даниил\Downloads\Homework\Cigarettes\pictures\cigarettes647.jpg
cigarettes,C:\Users\Даниил\Downloads\Homework\Cigarettes\pictures\cigarettes648.jpg
cigarettes,C:\Users\Даниил\Downloads\Homework\Cigarettes\pictures\cigarettes649.jpg
cigarettes,C:\Users\Даниил\Downloads\Homework\Cigarettes\pictures\cigarettes650.jpg
cigarettes,C:\Users\Даниил\Downloads\Homework\Cigarettes\pictures\cigarettes651.jpg
cigarettes,C:\Users\Даниил\Downloads\Homework\Cigarettes\pictures\cigarettes652.jpg
cigarettes,C:\Users\Даниил\Downloads\Homework\Cigarettes\pictures\cigarettes653.jpg
cigarettes,C:\Users\Даниил\Downloads\Homework\Cigarettes\pictures\cigarettes654.jpg
cigarettes,C:\Users\Даниил\Downloads\Homework\Cigarettes\pictures\cigarettes655.jpg
cigarettes,C:\Users\Даниил\Downloads\Homework\Cigarettes\pictures\cigarettes656.jpg
cigarettes,C:\Users\Даниил\Downloads\Homework\Cigarettes\pictures\cigarettes657.jpg
cigarettes,C:\Users\Даниил\Downloads\Homework\Cigarettes\pictures\cigarettes658.jpg
cigarettes,C:\Users\Даниил\Downloads\Homework\Cigarettes\pictures\cigarettes659.jpg
cigarettes,C:\Users\Даниил\Downloads\Homework\Cigarettes\pictures\cigarettes660.jpg
cigarettes,C:\Users\Даниил\Downloads\Homework\Cigarettes\pictures\cigarettes661.jpg
cigarettes,C:\Users\Даниил\Downloads\Homework\Cigarettes\pictures\cigarettes662.jpg
cigarettes,C:\Users\Даниил\Downloads\Homework\Cigarettes\pictures\cigarettes663.jpg
cigarettes,C:\Users\Даниил\Downloads\Homework\Cigarettes\pictures\cigarettes664.jpg
cigarettes,C:\Users\Даниил\Downloads\Homework\Cigarettes\pictures\cigarettes665.jpg
cigarettes,C:\Users\Даниил\Downloads\Homework\Cigarettes\pictures\cigarettes666.jpg
cigarettes,C:\Users\Даниил\Downloads\Homework\Cigarettes\pictures\cigarettes667.jpg
cigarettes,C:\Users\Даниил\Downloads\Homework\Cigarettes\pictures\cigarettes668.jpg
cigarettes,C:\Users\Даниил\Downloads\Homework\Cigarettes\pictures\cigarettes669.jpg
cigarettes,C:\Users\Даниил\Downloads\Homework\Cigarettes\pictures\cigarettes670.jpg
cigarettes,C:\Users\Даниил\Downloads\Homework\Cigarettes\pictures\cigarettes671.jpg
cigarettes,C:\Users\Даниил\Downloads\Homework\Cigarettes\pictures\cigarettes672.jpg
cigarettes,C:\Users\Даниил\Downloads\Homework\Cigarettes\pictures\cigarettes673.jpg
cigarettes,C:\Users\Даниил\Downloads\Homework\Cigarettes\pictures\cigarettes674.jpg
cigarettes,C:\Users\Даниил\Downloads\Homework\Cigarettes\pictures\cigarettes675.jpg
cigarettes,C:\Users\Даниил\Downloads\Homework\Cigarettes\pictures\cigarettes676.jpg
cigarettes,C:\Users\Даниил\Downloads\Homework\Cigarettes\pictures\cigarettes677.jpg
cigarettes,C:\Users\Даниил\Downloads\Homework\Cigarettes\pictures\cigarettes678.jpg
cigarettes,C:\Users\Даниил\Downloads\Homework\Cigarettes\pictures\cigarettes679.jpg
cigarettes,C:\Users\Даниил\Downloads\Homework\Cigarettes\pictures\cigarettes680.jpg
cigarettes,C:\Users\Даниил\Downloads\Homework\Cigarettes\pictures\cigarettes681.jpg
cigarettes,C:\Users\Даниил\Downloads\Homework\Cigarettes\pictures\cigarettes682.jpg
cigarettes,C:\Users\Даниил\Downloads\Homework\Cigarettes\pictures\cigarettes683.jpg
cigarettes,C:\Users\Даниил\Downloads\Homework\Cigarettes\pictures\cigarettes684.jpg
cigarettes,C:\Users\Даниил\Downloads\Homework\Cigarettes\pictures\cigarettes685.jpg
cigarettes,C:\Users\Даниил\Downloads\Homework\Cigarettes\pictures\cigarettes686.jpg
cigarettes,C:\Users\Даниил\Downloads\Homework\Cigarettes\pictures\cigarettes687.jpg
cigarettes,C:\Users\Даниил\Downloads\Homework\Cigarettes\pictures\cigarettes688.jpg
cigarettes,C:\Users\Даниил\Downloads\Homework\Cigarettes\pictures\cigarettes689.jpg
cigarettes,C:\Users\Даниил\Downloads\Homework\Cigarettes\pictures\cigarettes690.jpg
cigarettes,C:\Users\Даниил\Downloads\Homework\Cigarettes\pictures\cigarettes691.jpg
cigarettes,C:\Users\Даниил\Downloads\Homework\Cigarettes\pictures\cigarettes692.jpg
cigarettes,C:\Users\Даниил\Downloads\Homework\Cigarettes\pictures\cigarettes693.jpg
cigarettes,C:\Users\Даниил\Downloads\Homework\Cigarettes\pictures\cigarettes694.jpg
cigarettes,C:\Users\Даниил\Downloads\Homework\Cigarettes\pictures\cigarettes695.jpg
cigarettes,C:\Users\Даниил\Downloads\Homework\Cigarettes\pictures\cigarettes696.jpg
cigarettes,C:\Users\Даниил\Downloads\Homework\Cigarettes\pictures\cigarettes697.jpg
cigarettes,C:\Users\Даниил\Downloads\Homework\Cigarettes\pictures\cigarettes698.jpg
cigarettes,C:\Users\Даниил\Downloads\Homework\Cigarettes\pictures\cigarettes699.jpg
humans,C:\Users\Даниил\Downloads\Homework\Cigarettes\pictures\humans100.jpg
humans,C:\Users\Даниил\Downloads\Homework\Cigarettes\pictures\humans101.jpg
humans,C:\Users\Даниил\Downloads\Homework\Cigarettes\pictures\humans102.jpg
humans,C:\Users\Даниил\Downloads\Homework\Cigarettes\pictures\humans103.jpg
humans,C:\Users\Даниил\Downloads\Homework\Cigarettes\pictures\humans104.jpg
humans,C:\Users\Даниил\Downloads\Homework\Cigarettes\pictures\humans105.jpg
humans,C:\Users\Даниил\Downloads\Homework\Cigarettes\pictures\humans106.jpg
humans,C:\Users\Даниил\Downloads\Homework\Cigarettes\pictures\humans107.jpg
humans,C:\Users\Даниил\Downloads\Homework\Cigarettes\pictures\humans108.jpg
humans,C:\Users\Даниил\Downloads\Homework\Cigarettes\pictures\humans109.jpg
humans,C:\Users\Даниил\Downloads\Homework\Cigarettes\pictures\humans110.jpg
humans,C:\Users\Даниил\Downloads\Homework\Cigarettes\pictures\humans111.jpg
humans,C:\Users\Даниил\Downloads\Homework\Cigarettes\pictures\humans112.jpg
humans,C:\Users\Даниил\Downloads\Homework\Cigarettes\pictures\humans113.jpg
humans,C:\Users\Даниил\Downloads\Homework\Cigarettes\pictures\humans114.jpg
humans,C:\Users\Даниил\Downloads\Homework\Cigarettes\pictures\humans115.jpg
humans,C:\Users\Даниил\Downloads\Homework\Cigarettes\pictures\humans116.jpg
humans,C:\Users\Даниил\Downloads\Homework\Cigarettes\pictures\humans117.jpg
humans,C:\Users\Даниил\Downloads\Homework\Cigarettes\pictures\humans118.jpg
humans,C:\Users\Даниил\Downloads\Homework\Cigarettes\pictures\humans119.jpg
humans,C:\Users\Даниил\Downloads\Homework\Cigarettes\pictures\humans120.jpg
humans,C:\Users\Даниил\Downloads\Homework\Cigarettes\pictures\humans121.jpg
humans,C:\Users\Даниил\Downloads\Homework\Cigarettes\pictures\humans122.jpg
humans,C:\Users\Даниил\Downloads\Homework\Cigarettes\pictures\humans123.jpg
humans,C:\Users\Даниил\Downloads\Homework\Cigarettes\pictures\humans124.jpg
humans,C:\Users\Даниил\Downloads\Homework\Cigarettes\pictures\humans125.jpg
humans,C:\Users\Даниил\Downloads\Homework\Cigarettes\pictures\humans126.jpg
humans,C:\Users\Даниил\Downloads\Homework\Cigarettes\pictures\humans127.jpg
humans,C:\Users\Даниил\Downloads\Homework\Cigarettes\pictures\humans128.jpg
humans,C:\Users\Даниил\Downloads\Homework\Cigarettes\pictures\humans129.jpg
humans,C:\Users\Даниил\Downloads\Homework\Cigarettes\pictures\humans130.jpg
humans,C:\Users\Даниил\Downloads\Homework\Cigarettes\pictures\humans131.jpg
humans,C:\Users\Даниил\Downloads\Homework\Cigarettes\pictures\humans132.jpg
humans,C:\Users\Даниил\Downloads\Homework\Cigarettes\pictures\humans133.jpg
humans,C:\Users\Даниил\Downloads\Homework\Cigarettes\pictures\humans134.jpg
humans,C:\Users\Даниил\Downloads\Homework\Cigarettes\pictures\humans135.jpg
humans,C:\Users\Даниил\Downloads\Homework\Cigarettes\pictures\humans136.jpg
humans,C:\Users\Даниил\Downloads\Homework\Cigarettes\pictures\humans137.jpg
humans,C:\Users\Даниил\Downloads\Homework\Cigarettes\pictures\humans138.jpg
humans,C:\Users\Даниил\Downloads\Homework\Cigarettes\pictures\humans139.jpg
humans,C:\Users\Даниил\Downloads\Homework\Cigarettes\pictures\humans140.jpg
humans,C:\Users\Даниил\Downloads\Homework\Cigarettes\pictures\humans141.jpg
humans,C:\Users\Даниил\Downloads\Homework\Cigarettes\pictures\humans142.jpg
humans,C:\Users\Даниил\Downloads\Homework\Cigarettes\pictures\humans143.jpg
humans,C:\Users\Даниил\Downloads\Homework\Cigarettes\pictures\humans144.jpg
humans,C:\Users\Даниил\Downloads\Homework\Cigarettes\pictures\humans145.jpg
humans,C:\Users\Даниил\Downloads\Homework\Cigarettes\pictures\humans146.jpg
humans,C:\Users\Даниил\Downloads\Homework\Cigarettes\pictures\humans147.jpg
humans,C:\Users\Даниил\Downloads\Homework\Cigarettes\pictures\humans148.jpg
humans,C:\Users\Даниил\Downloads\Homework\Cigarettes\pictures\humans149.jpg
humans,C:\Users\Даниил\Downloads\Homework\Cigarettes\pictures\humans150.jpg
humans,C:\Users\Даниил\Downloads\Homework\Cigarettes\pictures\humans151.jpg
humans,C:\Users\Даниил\Downloads\Homework\Cigarettes\pictures\humans152.jpg
humans,C:\Users\Даниил\Downloads\Homework\Cigarettes\pictures\humans153.jpg
humans,C:\Users\Даниил\Downloads\Homework\Cigarettes\pictures\humans154.jpg
humans,C:\Users\Даниил\Downloads\Homework\Cigarettes\pictures\humans155.jpg
humans,C:\Users\Даниил\Downloads\Homework\Cigarettes\pictures\humans156.jpg
humans,C:\Users\Даниил\Downloads\Homework\Cigarettes\pictures\humans157.jpg
humans,C:\Users\Даниил\Downloads\Homework\Cigarettes\pictures\humans158.jpg
humans,C:\Users\Даниил\Downloads\Homework\Cigarettes\pictures\humans159.jpg
humans,C:\Users\Даниил\Downloads\Homework\Cigarettes\pictures\humans160.jpg
humans,C:\Users\Даниил\Downloads\Homework\Cigarettes\pictures\humans161.jpg
humans,C:\Users\Даниил\Downloads\Homework\Cigarettes\pictures\humans162.jpg
humans,C:\Users\Даниил\Downloads\Homework\Cigarettes\pictures\humans163.jpg
humans,C:\Users\Даниил\Downloads\Homework\Cigarettes\pictures\humans164.jpg
humans,C:\Users\Даниил\Downloads\Homework\Cigarettes\pictures\humans165.jpg
humans,C:\Users\Даниил\Downloads\Homework\Cigarettes\pictures\humans166.jpg
humans,C:\Users\Даниил\Downloads\Homework\Cigarettes\pictures\humans167.jpg
humans,C:\Users\Даниил\Downloads\Homework\Cigarettes\pictures\humans168.jpg
humans,C:\Users\Даниил\Downloads\Homework\Cigarettes\pictures\humans169.jpg
humans,C:\Users\Даниил\Downloads\Homework\Cigarettes\pictures\humans170.jpg
humans,C:\Users\Даниил\Downloads\Homework\Cigarettes\pictures\humans171.jpg
humans,C:\Users\Даниил\Downloads\Homework\Cigarettes\pictures\humans172.jpg
humans,C:\Users\Даниил\Downloads\Homework\Cigarettes\pictures\humans173.jpg
humans,C:\Users\Даниил\Downloads\Homework\Cigarettes\pictures\humans174.jpg
humans,C:\Users\Даниил\Downloads\Homework\Cigarettes\pictures\humans175.jpg
humans,C:\Users\Даниил\Downloads\Homework\Cigarettes\pictures\humans176.jpg
humans,C:\Users\Даниил\Downloads\Homework\Cigarettes\pictures\humans177.jpg
humans,C:\Users\Даниил\Downloads\Homework\Cigarettes\pictures\humans178.jpg
humans,C:\Users\Даниил\Downloads\Homework\Cigarettes\pictures\humans179.jpg
humans,C:\Users\Даниил\Downloads\Homework\Cigarettes\pictures\humans180.jpg
humans,C:\Users\Даниил\Downloads\Homework\Cigarettes\pictures\humans181.jpg
humans,C:\Users\Даниил\Downloads\Homework\Cigarettes\pictures\humans182.jpg
humans,C:\Users\Даниил\Downloads\Homework\Cigarettes\pictures\humans183.jpg
humans,C:\Users\Даниил\Downloads\Homework\Cigarettes\pictures\humans184.jpg
humans,C:\Users\Даниил\Downloads\Homework\Cigarettes\pictures\humans185.jpg
humans,C:\Users\Даниил\Downloads\Homework\Cigarettes\pictures\humans186.jpg
humans,C:\Users\Даниил\Downloads\Homework\Cigarettes\pictures\humans187.jpg
humans,C:\Users\Даниил\Downloads\Homework\Cigarettes\pictures\humans188.jpg
humans,C:\Users\Даниил\Downloads\Homework\Cigarettes\pictures\humans189.jpg
humans,C:\Users\Даниил\Downloads\Homework\Cigarettes\pictures\humans190.jpg
humans,C:\Users\Даниил\Downloads\Homework\Cigarettes\pictures\humans191.jpg
humans,C:\Users\Даниил\Downloads\Homework\Cigarettes\pictures\humans192.jpg
humans,C:\Users\Даниил\Downloads\Homework\Cigarettes\pictures\humans193.jpg
humans,C:\Users\Даниил\Downloads\Homework\Cigarettes\pictures\humans194.jpg
humans,C:\Users\Даниил\Downloads\Homework\Cigarettes\pictures\humans195.jpg
humans,C:\Users\Даниил\Downloads\Homework\Cigarettes\pictures\humans196.jpg
humans,C:\Users\Даниил\Downloads\Homework\Cigarettes\pictures\humans197.jpg
humans,C:\Users\Даниил\Downloads\Homework\Cigarettes\pictures\humans198.jpg
humans,C:\Users\Даниил\Downloads\Homework\Cigarettes\pictures\humans199.jpg
humans,C:\Users\Даниил\Downloads\Homework\Cigarettes\pictures\humans200.jpg
humans,C:\Users\Даниил\Downloads\Homework\Cigarettes\pictures\humans201.jpg
humans,C:\Users\Даниил\Downloads\Homework\Cigarettes\pictures\humans202.jpg
humans,C:\Users\Даниил\Downloads\Homework\Cigarettes\pictures\humans203.jpg
humans,C:\Users\Даниил\Downloads\Homework\Cigarettes\pictures\humans204.jpg
humans,C:\Users\Даниил\Downloads\Homework\Cigarettes\pictures\humans205.jpg
humans,C:\Users\Даниил\Downloads\Homework\Cigarettes\pictures\humans206.jpg
humans,C:\Users\Даниил\Downloads\Homework\Cigarettes\pictures\humans207.jpg
humans,C:\Users\Даниил\Downloads\Homework\Cigarettes\pictures\humans208.jpg
humans,C:\Users\Даниил\Downloads\Homework\Cigarettes\pictures\humans209.jpg
humans,C:\Users\Даниил\Downloads\Homework\Cigarettes\pictures\humans210.jpg
humans,C:\Users\Даниил\Downloads\Homework\Cigarettes\pictures\humans211.jpg
humans,C:\Users\Даниил\Downloads\Homework\Cigarettes\pictures\humans212.jpg
humans,C:\Users\Даниил\Downloads\Homework\Cigarettes\pictures\humans213.jpg
humans,C:\Users\Даниил\Downloads\Homework\Cigarettes\pictures\humans214.jpg
humans,C:\Users\Даниил\Downloads\Homework\Cigarettes\pictures\humans215.jpg
humans,C:\Users\Даниил\Downloads\Homework\Cigarettes\pictures\humans216.jpg
humans,C:\Users\Даниил\Downloads\Homework\Cigarettes\pictures\humans217.jpg
humans,C:\Users\Даниил\Downloads\Homework\Cigarettes\pictures\humans218.jpg
humans,C:\Users\Даниил\Downloads\Homework\Cigarettes\pictures\humans219.jpg
humans,C:\Users\Даниил\Downloads\Homework\Cigarettes\pictures\humans220.jpg
humans,C:\Users\Даниил\Downloads\Homework\Cigarettes\pictures\humans221.jpg
humans,C:\Users\Даниил\Downloads\Homework\Cigarettes\pictures\humans222.jpg
humans,C:\Users\Даниил\Downloads\Homework\Cigarettes\pictures\humans223.jpg
humans,C:\Users\Даниил\Downloads\Homework\Cigarettes\pictures\humans224.jpg
humans,C:\Users\Даниил\Downloads\Homework\Cigarettes\pictures\humans225.jpg
humans,C:\Users\Даниил\Downloads\Homework\Cigarettes\pictures\humans226.jpg
humans,C:\Users\Даниил\Downloads\Homework\Cigarettes\pictures\humans227.jpg
humans,C:\Users\Даниил\Downloads\Homework\Cigarettes\pictures\humans228.jpg
humans,C:\Users\Даниил\Downloads\Homework\Cigarettes\pictures\humans229.jpg
humans,C:\Users\Даниил\Downloads\Homework\Cigarettes\pictures\humans230.jpg
humans,C:\Users\Даниил\Downloads\Homework\Cigarettes\pictures\humans231.jpg
humans,C:\Users\Даниил\Downloads\Homework\Cigarettes\pictures\humans232.jpg
humans,C:\Users\Даниил\Downloads\Homework\Cigarettes\pictures\humans233.jpg
humans,C:\Users\Даниил\Downloads\Homework\Cigarettes\pictures\humans234.jpg
humans,C:\Users\Даниил\Downloads\Homework\Cigarettes\pictures\humans235.jpg
humans,C:\Users\Даниил\Downloads\Homework\Cigarettes\pictures\humans236.jpg
humans,C:\Users\Даниил\Downloads\Homework\Cigarettes\pictures\humans237.jpg
humans,C:\Users\Даниил\Downloads\Homework\Cigarettes\pictures\humans238.jpg
humans,C:\Users\Даниил\Downloads\Homework\Cigarettes\pictures\humans239.jpg
humans,C:\Users\Даниил\Downloads\Homework\Cigarettes\pictures\humans240.jpg
humans,C:\Users\Даниил\Downloads\Homework\Cigarettes\pictures\humans241.jpg
humans,C:\Users\Даниил\Downloads\Homework\Cigarettes\pictures\humans242.jpg
humans,C:\Users\Даниил\Downloads\Homework\Cigarettes\pictures\humans243.jpg
humans,C:\Users\Даниил\Downloads\Homework\Cigarettes\pictures\humans244.jpg
humans,C:\Users\Даниил\Downloads\Homework\Cigarettes\pictures\humans245.jpg
humans,C:\Users\Даниил\Downloads\Homework\Cigarettes\pictures\humans246.jpg
humans,C:\Users\Даниил\Downloads\Homework\Cigarettes\pictures\humans247.jpg
humans,C:\Users\Даниил\Downloads\Homework\Cigarettes\pictures\humans248.jpg
humans,C:\Users\Даниил\Downloads\Homework\Cigarettes\pictures\humans249.jpg
humans,C:\Users\Даниил\Downloads\Homework\Cigarettes\pictures\humans250.jpg
humans,C:\Users\Даниил\Downloads\Homework\Cigarettes\pictures\humans251.jpg
humans,C:\Users\Даниил\Downloads\Homework\Cigarettes\pictures\humans252.jpg
humans,C:\Users\Даниил\Downloads\Homework\Cigarettes\pictures\humans253.jpg
humans,C:\Users\Даниил\Downloads\Homework\Cigarettes\pictures\humans254.jpg
humans,C:\Users\Даниил\Downloads\Homework\Cigarettes\pictures\humans255.jpg
humans,C:\Users\Даниил\Downloads\Homework\Cigarettes\pictures\humans256.jpg
humans,C:\Users\Даниил\Downloads\Homework\Cigarettes\pictures\humans257.jpg
humans,C:\Users\Даниил\Downloads\Homework\Cigarettes\pictures\humans258.jpg
humans,C:\Users\Даниил\Downloads\Homework\Cigarettes\pictures\humans259.jpg
humans,C:\Users\Даниил\Downloads\Homework\Cigarettes\pictures\humans260.jpg
humans,C:\Users\Даниил\Downloads\Homework\Cigarettes\pictures\humans261.jpg
humans,C:\Users\Даниил\Downloads\Homework\Cigarettes\pictures\humans262.jpg
humans,C:\Users\Даниил\Downloads\Homework\Cigarettes\pictures\humans263.jpg
humans,C:\Users\Даниил\Downloads\Homework\Cigarettes\pictures\humans264.jpg
humans,C:\Users\Даниил\Downloads\Homework\Cigarettes\pictures\humans265.jpg
humans,C:\Users\Даниил\Downloads\Homework\Cigarettes\pictures\humans266.jpg
humans,C:\Users\Даниил\Downloads\Homework\Cigarettes\pictures\humans267.jpg
humans,C:\Users\Даниил\Downloads\Homework\Cigarettes\pictures\humans268.jpg
humans,C:\Users\Даниил\Downloads\Homework\Cigarettes\pictures\humans269.jpg
humans,C:\Users\Даниил\Downloads\Homework\Cigarettes\pictures\humans270.jpg
humans,C:\Users\Даниил\Downloads\Homework\Cigarettes\pictures\humans271.jpg
humans,C:\Users\Даниил\Downloads\Homework\Cigarettes\pictures\humans272.jpg
humans,C:\Users\Даниил\Downloads\Homework\Cigarettes\pictures\humans273.jpg
humans,C:\Users\Даниил\Downloads\Homework\Cigarettes\pictures\humans274.jpg
humans,C:\Users\Даниил\Downloads\Homework\Cigarettes\pictures\humans275.jpg
humans,C:\Users\Даниил\Downloads\Homework\Cigarettes\pictures\humans276.jpg
humans,C:\Users\Даниил\Downloads\Homework\Cigarettes\pictures\humans277.jpg
humans,C:\Users\Даниил\Downloads\Homework\Cigarettes\pictures\humans278.jpg
humans,C:\Users\Даниил\Downloads\Homework\Cigarettes\pictures\humans279.jpg
humans,C:\Users\Даниил\Downloads\Homework\Cigarettes\pictures\humans280.jpg
humans,C:\Users\Даниил\Downloads\Homework\Cigarettes\pictures\humans281.jpg
humans,C:\Users\Даниил\Downloads\Homework\Cigarettes\pictures\humans282.jpg
humans,C:\Users\Даниил\Downloads\Homework\Cigarettes\pictures\humans283.jpg
humans,C:\Users\Даниил\Downloads\Homework\Cigarettes\pictures\humans284.jpg
humans,C:\Users\Даниил\Downloads\Homework\Cigarettes\pictures\humans285.jpg
humans,C:\Users\Даниил\Downloads\Homework\Cigarettes\pictures\humans286.jpg
humans,C:\Users\Даниил\Downloads\Homework\Cigarettes\pictures\humans287.jpg
humans,C:\Users\Даниил\Downloads\Homework\Cigarettes\pictures\humans288.jpg
humans,C:\Users\Даниил\Downloads\Homework\Cigarettes\pictures\humans289.jpg
humans,C:\Users\Даниил\Downloads\Homework\Cigarettes\pictures\humans290.jpg
humans,C:\Users\Даниил\Downloads\Homework\Cigarettes\pictures\humans291.jpg
humans,C:\Users\Даниил\Downloads\Homework\Cigarettes\pictures\humans292.jpg
humans,C:\Users\Даниил\Downloads\Homework\Cigarettes\pictures\humans293.jpg
humans,C:\Users\Даниил\Downloads\Homework\Cigarettes\pictures\humans294.jpg
humans,C:\Users\Даниил\Downloads\Homework\Cigarettes\pictures\humans295.jpg
humans,C:\Users\Даниил\Downloads\Homework\Cigarettes\pictures\humans296.jpg
humans,C:\Users\Даниил\Downloads\Homework\Cigarettes\pictures\humans297.jpg
humans,C:\Users\Даниил\Downloads\Homework\Cigarettes\pictures\humans298.jpg
humans,C:\Users\Даниил\Downloads\Homework\Cigarettes\pictures\humans299.jpg
humans,C:\Users\Даниил\Downloads\Homework\Cigarettes\pictures\humans300.jpg
humans,C:\Users\Даниил\Downloads\Homework\Cigarettes\pictures\humans301.jpg
humans,C:\Users\Даниил\Downloads\Homework\Cigarettes\pictures\humans302.jpg
humans,C:\Users\Даниил\Downloads\Homework\Cigarettes\pictures\humans303.jpg
humans,C:\Users\Даниил\Downloads\Homework\Cigarettes\pictures\humans304.jpg
humans,C:\Users\Даниил\Downloads\Homework\Cigarettes\pictures\humans305.jpg
humans,C:\Users\Даниил\Downloads\Homework\Cigarettes\pictures\humans306.jpg
humans,C:\Users\Даниил\Downloads\Homework\Cigarettes\pictures\humans307.jpg
humans,C:\Users\Даниил\Downloads\Homework\Cigarettes\pictures\humans308.jpg
humans,C:\Users\Даниил\Downloads\Homework\Cigarettes\pictures\humans309.jpg
humans,C:\Users\Даниил\Downloads\Homework\Cigarettes\pictures\humans310.jpg
humans,C:\Users\Даниил\Downloads\Homework\Cigarettes\pictures\humans311.jpg
humans,C:\Users\Даниил\Downloads\Homework\Cigarettes\pictures\humans312.jpg
humans,C:\Users\Даниил\Downloads\Homework\Cigarettes\pictures\humans313.jpg
humans,C:\Users\Даниил\Downloads\Homework\Cigarettes\pictures\humans314.jpg
humans,C:\Users\Даниил\Downloads\Homework\Cigarettes\pictures\humans315.jpg
humans,C:\Users\Даниил\Downloads\Homework\Cigarettes\pictures\humans316.jpg
humans,C:\Users\Даниил\Downloads\Homework\Cigarettes\pictures\humans317.jpg
humans,C:\Users\Даниил\Downloads\Homework\Cigarettes\pictures\humans318.jpg
humans,C:\Users\Даниил\Downloads\Homework\Cigarettes\pictures\humans319.jpg
humans,C:\Users\Даниил\Downloads\Homework\Cigarettes\pictures\humans320.jpg
humans,C:\Users\Даниил\Downloads\Homework\Cigarettes\pictures\humans321.jpg
humans,C:\Users\Даниил\Downloads\Homework\Cigarettes\pictures\humans322.jpg
humans,C:\Users\Даниил\Downloads\Homework\Cigarettes\pictures\humans323.jpg
humans,C:\Users\Даниил\Downloads\Homework\Cigarettes\pictures\humans324.jpg
humans,C:\Users\Даниил\Downloads\Homework\Cigarettes\pictures\humans325.jpg
humans,C:\Users\Даниил\Downloads\Homework\Cigarettes\pictures\humans326.jpg
humans,C:\Users\Даниил\Downloads\Homework\Cigarettes\pictures\humans327.jpg
humans,C:\Users\Даниил\Downloads\Homework\Cigarettes\pictures\humans328.jpg
humans,C:\Users\Даниил\Downloads\Homework\Cigarettes\pictures\humans329.jpg
humans,C:\Users\Даниил\Downloads\Homework\Cigarettes\pictures\humans330.jpg
humans,C:\Users\Даниил\Downloads\Homework\Cigarettes\pictures\humans331.jpg
humans,C:\Users\Даниил\Downloads\Homework\Cigarettes\pictures\humans332.jpg
humans,C:\Users\Даниил\Downloads\Homework\Cigarettes\pictures\humans333.jpg
humans,C:\Users\Даниил\Downloads\Homework\Cigarettes\pictures\humans334.jpg
humans,C:\Users\Даниил\Downloads\Homework\Cigarettes\pictures\humans335.jpg
humans,C:\Users\Даниил\Downloads\Homework\Cigarettes\pictures\humans336.jpg
humans,C:\Users\Даниил\Downloads\Homework\Cigarettes\pictures\humans337.jpg
humans,C:\Users\Даниил\Downloads\Homework\Cigarettes\pictures\humans338.jpg
humans,C:\Users\Даниил\Downloads\Homework\Cigarettes\pictures\humans339.jpg
humans,C:\Users\Даниил\Downloads\Homework\Cigarettes\pictures\humans340.jpg
humans,C:\Users\Даниил\Downloads\Homework\Cigarettes\pictures\humans341.jpg
humans,C:\Users\Даниил\Downloads\Homework\Cigarettes\pictures\humans342.jpg
humans,C:\Users\Даниил\Downloads\Homework\Cigarettes\pictures\humans343.jpg
humans,C:\Users\Даниил\Downloads\Homework\Cigarettes\pictures\humans344.jpg
humans,C:\Users\Даниил\Downloads\Homework\Cigarettes\pictures\humans345.jpg
humans,C:\Users\Даниил\Downloads\Homework\Cigarettes\pictures\humans346.jpg
humans,C:\Users\Даниил\Downloads\Homework\Cigarettes\pictures\humans347.jpg
humans,C:\Users\Даниил\Downloads\Homework\Cigarettes\pictures\humans348.jpg
humans,C:\Users\Даниил\Downloads\Homework\Cigarettes\pictures\humans349.jpg
humans,C:\Users\Даниил\Downloads\Homework\Cigarettes\pictures\humans350.jpg
humans,C:\Users\Даниил\Downloads\Homework\Cigarettes\pictures\humans351.jpg
humans,C:\Users\Даниил\Downloads\Homework\Cigarettes\pictures\humans352.jpg
humans,C:\Users\Даниил\Downloads\Homework\Cigarettes\pictures\humans353.jpg
humans,C:\Users\Даниил\Downloads\Homework\Cigarettes\pictures\humans354.jpg
humans,C:\Users\Даниил\Downloads\Homework\Cigarettes\pictures\humans355.jpg
humans,C:\Users\Даниил\Downloads\Homework\Cigarettes\pictures\humans356.jpg
humans,C:\Users\Даниил\Downloads\Homework\Cigarettes\pictures\humans357.jpg
humans,C:\Users\Даниил\Downloads\Homework\Cigarettes\pictures\humans358.jpg
humans,C:\Users\Даниил\Downloads\Homework\Cigarettes\pictures\humans359.jpg
humans,C:\Users\Даниил\Downloads\Homework\Cigarettes\pictures\humans360.jpg
humans,C:\Users\Даниил\Downloads\Homework\Cigarettes\pictures\humans361.jpg
humans,C:\Users\Даниил\Downloads\Homework\Cigarettes\pictures\humans362.jpg
humans,C:\Users\Даниил\Downloads\Homework\Cigarettes\pictures\humans363.jpg
humans,C:\Users\Даниил\Downloads\Homework\Cigarettes\pictures\humans364.jpg
humans,C:\Users\Даниил\Downloads\Homework\Cigarettes\pictures\humans365.jpg
humans,C:\Users\Даниил\Downloads\Homework\Cigarettes\pictures\humans366.jpg
humans,C:\Users\Даниил\Downloads\Homework\Cigarettes\pictures\humans367.jpg
humans,C:\Users\Даниил\Downloads\Homework\Cigarettes\pictures\humans368.jpg
humans,C:\Users\Даниил\Downloads\Homework\Cigarettes\pictures\humans369.jpg
humans,C:\Users\Даниил\Downloads\Homework\Cigarettes\pictures\humans370.jpg
humans,C:\Users\Даниил\Downloads\Homework\Cigarettes\pictures\humans371.jpg
humans,C:\Users\Даниил\Downloads\Homework\Cigarettes\pictures\humans372.jpg
humans,C:\Users\Даниил\Downloads\Homework\Cigarettes\pictures\humans373.jpg
humans,C:\Users\Даниил\Downloads\Homework\Cigarettes\pictures\humans374.jpg
humans,C:\Users\Даниил\Downloads\Homework\Cigarettes\pictures\humans375.jpg
humans,C:\Users\Даниил\Downloads\Homework\Cigarettes\pictures\humans376.jpg
humans,C:\Users\Даниил\Downloads\Homework\Cigarettes\pictures\humans377.jpg
humans,C:\Users\Даниил\Downloads\Homework\Cigarettes\pictures\humans378.jpg
humans,C:\Users\Даниил\Downloads\Homework\Cigarettes\pictures\humans379.jpg
humans,C:\Users\Даниил\Downloads\Homework\Cigarettes\pictures\humans380.jpg
humans,C:\Users\Даниил\Downloads\Homework\Cigarettes\pictures\humans381.jpg
humans,C:\Users\Даниил\Downloads\Homework\Cigarettes\pictures\humans382.jpg
humans,C:\Users\Даниил\Downloads\Homework\Cigarettes\pictures\humans383.jpg
humans,C:\Users\Даниил\Downloads\Homework\Cigarettes\pictures\humans384.jpg
humans,C:\Users\Даниил\Downloads\Homework\Cigarettes\pictures\humans385.jpg
humans,C:\Users\Даниил\Downloads\Homework\Cigarettes\pictures\humans386.jpg
humans,C:\Users\Даниил\Downloads\Homework\Cigarettes\pictures\humans387.jpg
humans,C:\Users\Даниил\Downloads\Homework\Cigarettes\pictures\humans388.jpg
humans,C:\Users\Даниил\Downloads\Homework\Cigarettes\pictures\humans389.jpg
humans,C:\Users\Даниил\Downloads\Homework\Cigarettes\pictures\humans390.jpg
humans,C:\Users\Даниил\Downloads\Homework\Cigarettes\pictures\humans391.jpg
humans,C:\Users\Даниил\Downloads\Homework\Cigarettes\pictures\humans392.jpg
humans,C:\Users\Даниил\Downloads\Homework\Cigarettes\pictures\humans393.jpg
humans,C:\Users\Даниил\Downloads\Homework\Cigarettes\pictures\humans394.jpg
humans,C:\Users\Даниил\Downloads\Homework\Cigarettes\pictures\humans395.jpg
humans,C:\Users\Даниил\Downloads\Homework\Cigarettes\pictures\humans396.jpg
humans,C:\Users\Даниил\Downloads\Homework\Cigarettes\pictures\humans397.jpg
humans,C:\Users\Даниил\Downloads\Homework\Cigarettes\pictures\humans398.jpg
humans,C:\Users\Даниил\Downloads\Homework\Cigarettes\pictures\humans399.jpg
humans,C:\Users\Даниил\Downloads\Homework\Cigarettes\pictures\humans400.jpg
humans,C:\Users\Даниил\Downloads\Homework\Cigarettes\pictures\humans401.jpg
humans,C:\Users\Даниил\Downloads\Homework\Cigarettes\pictures\humans402.jpg
humans,C:\Users\Даниил\Downloads\Homework\Cigarettes\pictures\humans403.jpg
humans,C:\Users\Даниил\Downloads\Homework\Cigarettes\pictures\humans404.jpg
humans,C:\Users\Даниил\Downloads\Homework\Cigarettes\pictures\humans405.jpg
humans,C:\Users\Даниил\Downloads\Homework\Cigarettes\pictures\humans406.jpg
humans,C:\Users\Даниил\Downloads\Homework\Cigarettes\pictures\humans407.jpg
humans,C:\Users\Даниил\Downloads\Homework\Cigarettes\pictures\humans408.jpg
humans,C:\Users\Даниил\Downloads\Homework\Cigarettes\pictures\humans409.jpg
humans,C:\Users\Даниил\Downloads\Homework\Cigarettes\pictures\humans410.jpg
humans,C:\Users\Даниил\Downloads\Homework\Cigarettes\pictures\humans411.jpg
humans,C:\Users\Даниил\Downloads\Homework\Cigarettes\pictures\humans412.jpg
humans,C:\Users\Даниил\Downloads\Homework\Cigarettes\pictures\humans413.jpg
humans,C:\Users\Даниил\Downloads\Homework\Cigarettes\pictures\humans414.jpg
humans,C:\Users\Даниил\Downloads\Homework\Cigarettes\pictures\humans415.jpg
humans,C:\Users\Даниил\Downloads\Homework\Cigarettes\pictures\humans416.jpg
humans,C:\Users\Даниил\Downloads\Homework\Cigarettes\pictures\humans417.jpg
humans,C:\Users\Даниил\Downloads\Homework\Cigarettes\pictures\humans418.jpg
humans,C:\Users\Даниил\Downloads\Homework\Cigarettes\pictures\humans419.jpg
humans,C:\Users\Даниил\Downloads\Homework\Cigarettes\pictures\humans420.jpg
humans,C:\Users\Даниил\Downloads\Homework\Cigarettes\pictures\humans421.jpg
humans,C:\Users\Даниил\Downloads\Homework\Cigarettes\pictures\humans422.jpg
humans,C:\Users\Даниил\Downloads\Homework\Cigarettes\pictures\humans423.jpg
humans,C:\Users\Даниил\Downloads\Homework\Cigarettes\pictures\humans424.jpg
humans,C:\Users\Даниил\Downloads\Homework\Cigarettes\pictures\humans425.jpg
humans,C:\Users\Даниил\Downloads\Homework\Cigarettes\pictures\humans426.jpg
humans,C:\Users\Даниил\Downloads\Homework\Cigarettes\pictures\humans427.jpg
humans,C:\Users\Даниил\Downloads\Homework\Cigarettes\pictures\humans428.jpg
humans,C:\Users\Даниил\Downloads\Homework\Cigarettes\pictures\humans429.jpg
humans,C:\Users\Даниил\Downloads\Homework\Cigarettes\pictures\humans430.jpg
humans,C:\Users\Даниил\Downloads\Homework\Cigarettes\pictures\humans431.jpg
humans,C:\Users\Даниил\Downloads\Homework\Cigarettes\pictures\humans432.jpg
humans,C:\Users\Даниил\Downloads\Homework\Cigarettes\pictures\humans433.jpg
humans,C:\Users\Даниил\Downloads\Homework\Cigarettes\pictures\humans434.jpg
humans,C:\Users\Даниил\Downloads\Homework\Cigarettes\pictures\humans435.jpg
humans,C:\Users\Даниил\Downloads\Homework\Cigarettes\pictures\humans436.jpg
humans,C:\Users\Даниил\Downloads\Homework\Cigarettes\pictures\humans437.jpg
humans,C:\Users\Даниил\Downloads\Homework\Cigarettes\pictures\humans438.jpg
humans,C:\Users\Даниил\Downloads\Homework\Cigarettes\pictures\humans439.jpg
humans,C:\Users\Даниил\Downloads\Homework\Cigarettes\pictures\humans440.jpg
humans,C:\Users\Даниил\Downloads\Homework\Cigarettes\pictures\humans441.jpg
humans,C:\Users\Даниил\Downloads\Homework\Cigarettes\pictures\humans442.jpg
humans,C:\Users\Даниил\Downloads\Homework\Cigarettes\pictures\humans443.jpg
humans,C:\Users\Даниил\Downloads\Homework\Cigarettes\pictures\humans444.jpg
humans,C:\Users\Даниил\Downloads\Homework\Cigarettes\pictures\humans445.jpg
humans,C:\Users\Даниил\Downloads\Homework\Cigarettes\pictures\humans446.jpg
humans,C:\Users\Даниил\Downloads\Homework\Cigarettes\pictures\humans447.jpg
humans,C:\Users\Даниил\Downloads\Homework\Cigarettes\pictures\humans448.jpg
humans,C:\Users\Даниил\Downloads\Homework\Cigarettes\pictures\humans449.jpg
humans,C:\Users\Даниил\Downloads\Homework\Cigarettes\pictures\humans450.jpg
humans,C:\Users\Даниил\Downloads\Homework\Cigarettes\pictures\humans451.jpg
humans,C:\Users\Даниил\Downloads\Homework\Cigarettes\pictures\humans452.jpg
humans,C:\Users\Даниил\Downloads\Homework\Cigarettes\pictures\humans453.jpg
humans,C:\Users\Даниил\Downloads\Homework\Cigarettes\pictures\humans454.jpg
humans,C:\Users\Даниил\Downloads\Homework\Cigarettes\pictures\humans455.jpg
humans,C:\Users\Даниил\Downloads\Homework\Cigarettes\pictures\humans456.jpg
humans,C:\Users\Даниил\Downloads\Homework\Cigarettes\pictures\humans457.jpg
humans,C:\Users\Даниил\Downloads\Homework\Cigarettes\pictures\humans458.jpg
humans,C:\Users\Даниил\Downloads\Homework\Cigarettes\pictures\humans459.jpg
humans,C:\Users\Даниил\Downloads\Homework\Cigarettes\pictures\humans460.jpg
humans,C:\Users\Даниил\Downloads\Homework\Cigarettes\pictures\humans461.jpg
humans,C:\Users\Даниил\Downloads\Homework\Cigarettes\pictures\humans462.jpg
humans,C:\Users\Даниил\Downloads\Homework\Cigarettes\pictures\humans463.jpg
humans,C:\Users\Даниил\Downloads\Homework\Cigarettes\pictures\humans464.jpg
humans,C:\Users\Даниил\Downloads\Homework\Cigarettes\pictures\humans465.jpg
humans,C:\Users\Даниил\Downloads\Homework\Cigarettes\pictures\humans466.jpg
humans,C:\Users\Даниил\Downloads\Homework\Cigarettes\pictures\humans467.jpg
humans,C:\Users\Даниил\Downloads\Homework\Cigarettes\pictures\humans468.jpg
humans,C:\Users\Даниил\Downloads\Homework\Cigarettes\pictures\humans469.jpg
humans,C:\Users\Даниил\Downloads\Homework\Cigarettes\pictures\humans470.jpg
humans,C:\Users\Даниил\Downloads\Homework\Cigarettes\pictures\humans471.jpg
humans,C:\Users\Даниил\Downloads\Homework\Cigarettes\pictures\humans472.jpg
humans,C:\Users\Даниил\Downloads\Homework\Cigarettes\pictures\humans473.jpg
humans,C:\Users\Даниил\Downloads\Homework\Cigarettes\pictures\humans474.jpg
humans,C:\Users\Даниил\Downloads\Homework\Cigarettes\pictures\humans475.jpg
humans,C:\Users\Даниил\Downloads\Homework\Cigarettes\pictures\humans476.jpg
humans,C:\Users\Даниил\Downloads\Homework\Cigarettes\pictures\humans477.jpg
humans,C:\Users\Даниил\Downloads\Homework\Cigarettes\pictures\humans478.jpg
humans,C:\Users\Даниил\Downloads\Homework\Cigarettes\pictures\humans479.jpg
humans,C:\Users\Даниил\Downloads\Homework\Cigarettes\pictures\humans480.jpg
humans,C:\Users\Даниил\Downloads\Homework\Cigarettes\pictures\humans481.jpg
humans,C:\Users\Даниил\Downloads\Homework\Cigarettes\pictures\humans482.jpg
humans,C:\Users\Даниил\Downloads\Homework\Cigarettes\pictures\humans483.jpg
humans,C:\Users\Даниил\Downloads\Homework\Cigarettes\pictures\humans484.jpg
humans,C:\Users\Даниил\Downloads\Homework\Cigarettes\pictures\humans485.jpg
humans,C:\Users\Даниил\Downloads\Homework\Cigarettes\pictures\humans486.jpg
humans,C:\Users\Даниил\Downloads\Homework\Cigarettes\pictures\humans487.jpg
humans,C:\Users\Даниил\Downloads\Homework\Cigarettes\pictures\humans488.jpg
humans,C:\Users\Даниил\Downloads\Homework\Cigarettes\pictures\humans489.jpg
humans,C:\Users\Даниил\Downloads\Homework\Cigarettes\pictures\humans490.jpg
humans,C:\Users\Даниил\Downloads\Homework\Cigarettes\pictures\humans491.jpg
humans,C:\Users\Даниил\Downloads\Homework\Cigarettes\pictures\humans492.jpg
humans,C:\Users\Даниил\Downloads\Homework\Cigarettes\pictures\humans493.jpg
humans,C:\Users\Даниил\Downloads\Homework\Cigarettes\pictures\humans494.jpg
humans,C:\Users\Даниил\Downloads\Homework\Cigarettes\pictures\humans495.jpg
humans,C:\Users\Даниил\Downloads\Homework\Cigarettes\pictures\humans496.jpg
humans,C:\Users\Даниил\Downloads\Homework\Cigarettes\pictures\humans497.jpg
humans,C:\Users\Даниил\Downloads\Homework\Cigarettes\pictures\humans498.jpg
humans,C:\Users\Даниил\Downloads\Homework\Cigarettes\pictures\humans499.jpg
humans,C:\Users\Даниил\Downloads\Homework\Cigarettes\pictures\humans500.jpg
humans,C:\Users\Даниил\Downloads\Homework\Cigarettes\pictures\humans501.jpg
humans,C:\Users\Даниил\Downloads\Homework\Cigarettes\pictures\humans502.jpg
humans,C:\Users\Даниил\Downloads\Homework\Cigarettes\pictures\humans503.jpg
humans,C:\Users\Даниил\Downloads\Homework\Cigarettes\pictures\humans504.jpg
humans,C:\Users\Даниил\Downloads\Homework\Cigarettes\pictures\humans505.jpg
humans,C:\Users\Даниил\Downloads\Homework\Cigarettes\pictures\humans506.jpg
humans,C:\Users\Даниил\Downloads\Homework\Cigarettes\pictures\humans507.jpg
humans,C:\Users\Даниил\Downloads\Homework\Cigarettes\pictures\humans508.jpg
humans,C:\Users\Даниил\Downloads\Homework\Cigarettes\pictures\humans509.jpg
humans,C:\Users\Даниил\Downloads\Homework\Cigarettes\pictures\humans510.jpg
humans,C:\Users\Даниил\Downloads\Homework\Cigarettes\pictures\humans511.jpg
humans,C:\Users\Даниил\Downloads\Homework\Cigarettes\pictures\humans512.jpg
humans,C:\Users\Даниил\Downloads\Homework\Cigarettes\pictures\humans513.jpg
humans,C:\Users\Даниил\Downloads\Homework\Cigarettes\pictures\humans514.jpg
humans,C:\Users\Даниил\Downloads\Homework\Cigarettes\pictures\humans515.jpg
humans,C:\Users\Даниил\Downloads\Homework\Cigarettes\pictures\humans516.jpg
humans,C:\Users\Даниил\Downloads\Homework\Cigarettes\pictures\humans517.jpg
humans,C:\Users\Даниил\Downloads\Homework\Cigarettes\pictures\humans518.jpg
humans,C:\Users\Даниил\Downloads\Homework\Cigarettes\pictures\humans519.jpg
humans,C:\Users\Даниил\Downloads\Homework\Cigarettes\pictures\humans520.jpg
humans,C:\Users\Даниил\Downloads\Homework\Cigarettes\pictures\humans521.jpg
humans,C:\Users\Даниил\Downloads\Homework\Cigarettes\pictures\humans522.jpg
humans,C:\Users\Даниил\Downloads\Homework\Cigarettes\pictures\humans523.jpg
humans,C:\Users\Даниил\Downloads\Homework\Cigarettes\pictures\humans524.jpg
humans,C:\Users\Даниил\Downloads\Homework\Cigarettes\pictures\humans525.jpg
humans,C:\Users\Даниил\Downloads\Homework\Cigarettes\pictures\humans526.jpg
humans,C:\Users\Даниил\Downloads\Homework\Cigarettes\pictures\humans527.jpg
humans,C:\Users\Даниил\Downloads\Homework\Cigarettes\pictures\humans528.jpg
humans,C:\Users\Даниил\Downloads\Homework\Cigarettes\pictures\humans529.jpg
humans,C:\Users\Даниил\Downloads\Homework\Cigarettes\pictures\humans530.jpg
humans,C:\Users\Даниил\Downloads\Homework\Cigarettes\pictures\humans531.jpg
humans,C:\Users\Даниил\Downloads\Homework\Cigarettes\pictures\humans532.jpg
humans,C:\Users\Даниил\Downloads\Homework\Cigarettes\pictures\humans533.jpg
humans,C:\Users\Даниил\Downloads\Homework\Cigarettes\pictures\humans534.jpg
humans,C:\Users\Даниил\Downloads\Homework\Cigarettes\pictures\humans535.jpg
humans,C:\Users\Даниил\Downloads\Homework\Cigarettes\pictures\humans536.jpg
humans,C:\Users\Даниил\Downloads\Homework\Cigarettes\pictures\humans537.jpg
humans,C:\Users\Даниил\Downloads\Homework\Cigarettes\pictures\humans538.jpg
humans,C:\Users\Даниил\Downloads\Homework\Cigarettes\pictures\humans539.jpg
humans,C:\Users\Даниил\Downloads\Homework\Cigarettes\pictures\humans540.jpg
humans,C:\Users\Даниил\Downloads\Homework\Cigarettes\pictures\humans541.jpg
humans,C:\Users\Даниил\Downloads\Homework\Cigarettes\pictures\humans542.jpg
humans,C:\Users\Даниил\Downloads\Homework\Cigarettes\pictures\humans543.jpg
humans,C:\Users\Даниил\Downloads\Homework\Cigarettes\pictures\humans544.jpg
humans,C:\Users\Даниил\Downloads\Homework\Cigarettes\pictures\humans545.jpg
humans,C:\Users\Даниил\Downloads\Homework\Cigarettes\pictures\humans546.jpg
humans,C:\Users\Даниил\Downloads\Homework\Cigarettes\pictures\humans547.jpg
humans,C:\Users\Даниил\Downloads\Homework\Cigarettes\pictures\humans548.jpg
humans,C:\Users\Даниил\Downloads\Homework\Cigarettes\pictures\humans549.jpg
humans,C:\Users\Даниил\Downloads\Homework\Cigarettes\pictures\humans550.jpg
humans,C:\Users\Даниил\Downloads\Homework\Cigarettes\pictures\humans551.jpg
humans,C:\Users\Даниил\Downloads\Homework\Cigarettes\pictures\humans552.jpg
humans,C:\Users\Даниил\Downloads\Homework\Cigarettes\pictures\humans553.jpg
humans,C:\Users\Даниил\Downloads\Homework\Cigarettes\pictures\humans554.jpg
humans,C:\Users\Даниил\Downloads\Homework\Cigarettes\pictures\humans555.jpg
humans,C:\Users\Даниил\Downloads\Homework\Cigarettes\pictures\humans556.jpg
humans,C:\Users\Даниил\Downloads\Homework\Cigarettes\pictures\humans557.jpg
humans,C:\Users\Даниил\Downloads\Homework\Cigarettes\pictures\humans558.jpg
humans,C:\Users\Даниил\Downloads\Homework\Cigarettes\pictures\humans559.jpg
humans,C:\Users\Даниил\Downloads\Homework\Cigarettes\pictures\humans560.jpg
humans,C:\Users\Даниил\Downloads\Homework\Cigarettes\pictures\humans561.jpg
humans,C:\Users\Даниил\Downloads\Homework\Cigarettes\pictures\humans562.jpg
humans,C:\Users\Даниил\Downloads\Homework\Cigarettes\pictures\humans563.jpg
humans,C:\Users\Даниил\Downloads\Homework\Cigarettes\pictures\humans564.jpg
humans,C:\Users\Даниил\Downloads\Homework\Cigarettes\pictures\humans565.jpg
humans,C:\Users\Даниил\Downloads\Homework\Cigarettes\pictures\humans566.jpg
humans,C:\Users\Даниил\Downloads\Homework\Cigarettes\pictures\humans567.jpg
humans,C:\Users\Даниил\Downloads\Homework\Cigarettes\pictures\humans568.jpg
humans,C:\Users\Даниил\Downloads\Homework\Cigarettes\pictures\humans569.jpg
humans,C:\Users\Даниил\Downloads\Homework\Cigarettes\pictures\humans570.jpg
humans,C:\Users\Даниил\Downloads\Homework\Cigarettes\pictures\humans571.jpg
humans,C:\Users\Даниил\Downloads\Homework\Cigarettes\pictures\humans572.jpg
humans,C:\Users\Даниил\Downloads\Homework\Cigarettes\pictures\humans573.jpg
humans,C:\Users\Даниил\Downloads\Homework\Cigarettes\pictures\humans574.jpg
humans,C:\Users\Даниил\Downloads\Homework\Cigarettes\pictures\humans575.jpg
humans,C:\Users\Даниил\Downloads\Homework\Cigarettes\pictures\humans576.jpg
humans,C:\Users\Даниил\Downloads\Homework\Cigarettes\pictures\humans577.jpg
humans,C:\Users\Даниил\Downloads\Homework\Cigarettes\pictures\humans578.jpg
humans,C:\Users\Даниил\Downloads\Homework\Cigarettes\pictures\humans579.jpg
humans,C:\Users\Даниил\Downloads\Homework\Cigarettes\pictures\humans580.jpg
humans,C:\Users\Даниил\Downloads\Homework\Cigarettes\pictures\humans581.jpg
humans,C:\Users\Даниил\Downloads\Homework\Cigarettes\pictures\humans582.jpg
humans,C:\Users\Даниил\Downloads\Homework\Cigarettes\pictures\humans583.jpg
humans,C:\Users\Даниил\Downloads\Homework\Cigarettes\pictures\humans584.jpg
humans,C:\Users\Даниил\Downloads\Homework\Cigarettes\pictures\humans585.jpg
humans,C:\Users\Даниил\Downloads\Homework\Cigarettes\pictures\humans586.jpg
humans,C:\Users\Даниил\Downloads\Homework\Cigarettes\pictures\humans587.jpg
humans,C:\Users\Даниил\Downloads\Homework\Cigarettes\pictures\humans588.jpg
humans,C:\Users\Даниил\Downloads\Homework\Cigarettes\pictures\humans589.jpg
humans,C:\Users\Даниил\Downloads\Homework\Cigarettes\pictures\humans590.jpg
humans,C:\Users\Даниил\Downloads\Homework\Cigarettes\pictures\humans591.jpg
humans,C:\Users\Даниил\Downloads\Homework\Cigarettes\pictures\humans592.jpg
humans,C:\Users\Даниил\Downloads\Homework\Cigarettes\pictures\humans593.jpg
humans,C:\Users\Даниил\Downloads\Homework\Cigarettes\pictures\humans594.jpg
humans,C:\Users\Даниил\Downloads\Homework\Cigarettes\pictures\humans595.jpg
humans,C:\Users\Даниил\Downloads\Homework\Cigarettes\pictures\humans596.jpg
humans,C:\Users\Даниил\Downloads\Homework\Cigarettes\pictures\humans597.jpg
humans,C:\Users\Даниил\Downloads\Homework\Cigarettes\pictures\humans598.jpg
humans,C:\Users\Даниил\Downloads\Homework\Cigarettes\pictures\humans599.jpg
humans,C:\Users\Даниил\Downloads\Homework\Cigarettes\pictures\humans600.jpg
humans,C:\Users\Даниил\Downloads\Homework\Cigarettes\pictures\humans601.jpg
humans,C:\Users\Даниил\Downloads\Homework\Cigarettes\pictures\humans602.jpg
humans,C:\Users\Даниил\Downloads\Homework\Cigarettes\pictures\humans603.jpg
humans,C:\Users\Даниил\Downloads\Homework\Cigarettes\pictures\humans604.jpg
humans,C:\Users\Даниил\Downloads\Homework\Cigarettes\pictures\humans605.jpg
humans,C:\Users\Даниил\Downloads\Homework\Cigarettes\pictures\humans606.jpg
humans,C:\Users\Даниил\Downloads\Homework\Cigarettes\pictures\humans607.jpg
humans,C:\Users\Даниил\Downloads\Homework\Cigarettes\pictures\humans608.jpg
humans,C:\Users\Даниил\Downloads\Homework\Cigarettes\pictures\humans609.jpg
humans,C:\Users\Даниил\Downloads\Homework\Cigarettes\pictures\humans610.jpg
humans,C:\Users\Даниил\Downloads\Homework\Cigarettes\pictures\humans611.jpg
humans,C:\Users\Даниил\Downloads\Homework\Cigarettes\pictures\humans612.jpg
humans,C:\Users\Даниил\Downloads\Homework\Cigarettes\pictures\humans613.jpg
humans,C:\Users\Даниил\Downloads\Homework\Cigarettes\pictures\humans614.jpg
humans,C:\Users\Даниил\Downloads\Homework\Cigarettes\pictures\humans615.jpg
humans,C:\Users\Даниил\Downloads\Homework\Cigarettes\pictures\humans616.jpg
humans,C:\Users\Даниил\Downloads\Homework\Cigarettes\pictures\humans617.jpg
humans,C:\Users\Даниил\Downloads\Homework\Cigarettes\pictures\humans618.jpg
humans,C:\Users\Даниил\Downloads\Homework\Cigarettes\pictures\humans619.jpg
humans,C:\Users\Даниил\Downloads\Homework\Cigarettes\pictures\humans620.jpg
humans,C:\Users\Даниил\Downloads\Homework\Cigarettes\pictures\humans621.jpg
humans,C:\Users\Даниил\Downloads\Homework\Cigarettes\pictures\humans622.jpg
humans,C:\Users\Даниил\Downloads\Homework\Cigarettes\pictures\humans623.jpg
humans,C:\Users\Даниил\Downloads\Homework\Cigarettes\pictures\humans624.jpg
humans,C:\Users\Даниил\Downloads\Homework\Cigarettes\pictures\humans625.jpg
humans,C:\Users\Даниил\Downloads\Homework\Cigarettes\pictures\humans626.jpg
humans,C:\Users\Даниил\Downloads\Homework\Cigarettes\pictures\humans627.jpg
humans,C:\Users\Даниил\Downloads\Homework\Cigarettes\pictures\humans628.jpg
humans,C:\Users\Даниил\Downloads\Homework\Cigarettes\pictures\humans629.jpg
humans,C:\Users\Даниил\Downloads\Homework\Cigarettes\pictures\humans630.jpg
humans,C:\Users\Даниил\Downloads\Homework\Cigarettes\pictures\humans631.jpg
humans,C:\Users\Даниил\Downloads\Homework\Cigarettes\pictures\humans632.jpg
humans,C:\Users\Даниил\Downloads\Homework\Cigarettes\pictures\humans633.jpg
humans,C:\Users\Даниил\Downloads\Homework\Cigarettes\pictures\humans634.jpg
humans,C:\Users\Даниил\Downloads\Homework\Cigarettes\pictures\humans635.jpg
humans,C:\Users\Даниил\Downloads\Homework\Cigarettes\pictures\humans636.jpg
humans,C:\Users\Даниил\Downloads\Homework\Cigarettes\pictures\humans637.jpg
humans,C:\Users\Даниил\Downloads\Homework\Cigarettes\pictures\humans638.jpg
humans,C:\Users\Даниил\Downloads\Homework\Cigarettes\pictures\humans639.jpg
humans,C:\Users\Даниил\Downloads\Homework\Cigarettes\pictures\humans640.jpg
humans,C:\Users\Даниил\Downloads\Homework\Cigarettes\pictures\humans641.jpg
humans,C:\Users\Даниил\Downloads\Homework\Cigarettes\pictures\humans642.jpg
humans,C:\Users\Даниил\Downloads\Homework\Cigarettes\pictures\humans643.jpg
humans,C:\Users\Даниил\Downloads\Homework\Cigarettes\pictures\humans644.jpg
humans,C:\Users\Даниил\Downloads\Homework\Cigarettes\pictures\humans645.jpg
humans,C:\Users\Даниил\Downloads\Homework\Cigarettes\pictures\humans646.jpg
humans,C:\Users\Даниил\Downloads\Homework\Cigarettes\pictures\humans647.jpg
humans,C:\Users\Даниил\Downloads\Homework\Cigarettes\pictures\humans648.jpg
humans,C:\Users\Даниил\Downloads\Homework\Cigarettes\pictures\humans649.jpg
humans,C:\Users\Даниил\Downloads\Homework\Cigarettes\pictures\humans650.jpg
humans,C:\Users\Даниил\Downloads\Homework\Cigarettes\pictures\humans651.jpg
humans,C:\Users\Даниил\Downloads\Homework\Cigarettes\pictures\humans652.jpg
humans,C:\Users\Даниил\Downloads\Homework\Cigarettes\pictures\humans653.jpg
humans,C:\Users\Даниил\Downloads\Homework\Cigarettes\pictures\humans654.jpg
humans,C:\Users\Даниил\Downloads\Homework\Cigarettes\pictures\humans655.jpg
humans,C:\Users\Даниил\Downloads\Homework\Cigarettes\pictures\humans656.jpg
humans,C:\Users\Даниил\Downloads\Homework\Cigarettes\pictures\humans657.jpg
humans,C:\Users\Даниил\Downloads\Homework\Cigarettes\pictures\humans658.jpg
humans,C:\Users\Даниил\Downloads\Homework\Cigarettes\pictures\humans659.jpg
humans,C:\Users\Даниил\Downloads\Homework\Cigarettes\pictures\humans660.jpg
humans,C:\Users\Даниил\Downloads\Homework\Cigarettes\pictures\humans661.jpg
humans,C:\Users\Даниил\Downloads\Homework\Cigarettes\pictures\humans662.jpg
humans,C:\Users\Даниил\Downloads\Homework\Cigarettes\pictures\humans663.jpg
humans,C:\Users\Даниил\Downloads\Homework\Cigarettes\pictures\humans664.jpg
humans,C:\Users\Даниил\Downloads\Homework\Cigarettes\pictures\humans665.jpg
humans,C:\Users\Даниил\Downloads\Homework\Cigarettes\pictures\humans666.jpg
humans,C:\Users\Даниил\Downloads\Homework\Cigarettes\pictures\humans667.jpg
humans,C:\Users\Даниил\Downloads\Homework\Cigarettes\pictures\humans668.jpg
humans,C:\Users\Даниил\Downloads\Homework\Cigarettes\pictures\humans669.jpg
humans,C:\Users\Даниил\Downloads\Homework\Cigarettes\pictures\humans670.jpg
humans,C:\Users\Даниил\Downloads\Homework\Cigarettes\pictures\humans671.jpg
humans,C:\Users\Даниил\Downloads\Homework\Cigarettes\pictures\humans672.jpg
humans,C:\Users\Даниил\Downloads\Homework\Cigarettes\pictures\humans673.jpg
humans,C:\Users\Даниил\Downloads\Homework\Cigarettes\pictures\humans674.jpg
humans,C:\Users\Даниил\Downloads\Homework\Cigarettes\pictures\humans675.jpg
humans,C:\Users\Даниил\Downloads\Homework\Cigarettes\pictures\humans676.jpg
humans,C:\Users\Даниил\Downloads\Homework\Cigarettes\pictures\humans677.jpg
humans,C:\Users\Даниил\Downloads\Homework\Cigarettes\pictures\humans678.jpg
humans,C:\Users\Даниил\Downloads\Homework\Cigarettes\pictures\humans679.jpg
humans,C:\Users\Даниил\Downloads\Homework\Cigarettes\pictures\humans680.jpg
humans,C:\Users\Даниил\Downloads\Homework\Cigarettes\pictures\humans681.jpg
humans,C:\Users\Даниил\Downloads\Homework\Cigarettes\pictures\humans682.jpg
humans,C:\Users\Даниил\Downloads\Homework\Cigarettes\pictures\humans683.jpg
humans,C:\Users\Даниил\Downloads\Homework\Cigarettes\pictures\humans684.jpg
humans,C:\Users\Даниил\Downloads\Homework\Cigarettes\pictures\humans685.jpg
humans,C:\Users\Даниил\Downloads\Homework\Cigarettes\pictures\humans686.jpg
humans,C:\Users\Даниил\Downloads\Homework\Cigarettes\pictures\humans687.jpg
humans,C:\Users\Даниил\Downloads\Homework\Cigarettes\pictures\humans688.jpg
humans,C:\Users\Даниил\Downloads\Homework\Cigarettes\pictures\humans689.jpg
humans,C:\Users\Даниил\Downloads\Homework\Cigarettes\pictures\humans690.jpg
humans,C:\Users\Даниил\Downloads\Homework\Cigarettes\pictures\humans691.jpg
humans,C:\Users\Даниил\Downloads\Homework\Cigarettes\pictures\humans692.jpg
humans,C:\Users\Даниил\Downloads\Homework\Cigarettes\pictures\humans693.jpg
humans,C:\Users\Даниил\Downloads\Homework\Cigarettes\pictures\humans694.jpg
humans,C:\Users\Даниил\Downloads\Homework\Cigarettes\pictures\humans695.jpg
humans,C:\Users\Даниил\Downloads\Homework\Cigarettes\pictures\humans696.jpg
humans,C:\Users\Даниил\Downloads\Homework\Cigarettes\pictures\humans697.jpg
humans,C:\Users\Даниил\Downloads\Homework\Cigarettes\pictures\humans698.jpg
humans,C:\Users\Даниил\Downloads\Homework\Cigarettes\pictures\humans699.jpg
